#group	SRR10033141	SRR10033144	SRR10159290	SRR10159293	SRR10159299	SRR10159308	SRR10604353	SRR10604354	SRR10604355	SRR10604356	SRR10604357	SRR10604358	SRR10604359	SRR10604360	SRR10604361	SRR10604362	SRR10604363	SRR10604364	SRR10604365	SRR10604366	SRR10604367	SRR10604368	SRR10604369	SRR10604370	SRR10604371	SRR10604372	SRR10604373	SRR10604374	SRR10604375	SRR10604376	SRR10604377	SRR10604378	SRR10604379	SRR10604380	SRR10604381	SRR10604382	SRR10604383	SRR10604384	SRR12001324	SRR12001325	SRR12001326	SRR12001327	SRR12001328	SRR12001329	SRR12001330	SRR12001331	SRR12001332	SRR12470634	SRR12470635	SRR12470659	SRR12572697	SRR12572699	SRR12572700	SRR12572707	SRR13011266	SRR13011276	SRR13011282	SRR13011285	SRR13011286	SRR13011289	SRR13011293	SRR13011298	SRR13011299	SRR13023223	SRR13023224	SRR13023225	SRR13023226	SRR13023227	SRR13023228	SRR13023229	SRR13023230	SRR13023232	SRR13023233	SRR13023234	SRR13023235	SRR13023237	SRR13240050	SRR13240051	SRR13240052	SRR13240053	SRR13240054	SRR13612594	SRR13612595	SRR13612596	SRR13612597	SRR13619036	SRR13619037	SRR13619038	SRR14088427	SRR14088428	SRR14088429	SRR14088440	SRR14479200	SRR14479205	SRR14479206	SRR14479207	SRR14479208	SRR14479209	SRR14479210	SRR14479211	SRR14479225	SRR14479226	SRR14479227	SRR14479228	SRR14479229	SRR14479230	SRR14479245	SRR14479246	SRR14479247	SRR14479248	SRR14479249	SRR14479250	SRR14479264	SRR14479265	SRR14479268	SRR14479269	SRR14907352	SRR14907353	SRR14907354	SRR14907355	SRR14907356	SRR17224856	SRR17224857	SRR17224858	SRR17224859	SRR17224860	SRR17224861	SRR17224862	SRR17224863	SRR17224864	SRR17224865	SRR17711211	SRR17711215	SRR17711237	SRR17711241	SRR19328989	SRR19328990	SRR19328991	SRR19328996	SRR19329007	SRR19329018	SRR19329029	SRR19329040	SRR19329041	SRR20110003	SRR20110004	SRR20110005	SRR20290374	SRR20290375	SRR20290376	SRR20290377	SRR20290388	SRR20290399	SRR20290410	SRR20290411	SRR21615878	SRR21615879	SRR21615882	SRR21615883	SRR22059209	SRR22059220	SRR22059231	SRR22059267	SRR22059276	SRR22059277	SRR22073311	SRR22073312	SRR22073313	SRR22106546	SRR22106553	SRR22106560	SRR22106561	SRR22106562	SRR22106563	SRR22463539	SRR22463540	SRR22463541	SRR22463542	SRR22463543	SRR22463544	SRR22463545	SRR22463546	SRR22463548	SRR22463549	SRR22463550	SRR22463551	SRR24090957	SRR24090958	SRR24090959	SRR24090966	SRR24090967	SRR24090968	SRR24112416	SRR24112417	SRR24112418	SRR24112419	SRR24112420	SRR24112421	SRR24112422	SRR24112423	SRR24112424	SRR24112425	SRR24112426	SRR24112427	SRR24112428	SRR24112429	SRR24112430	SRR24112431	SRR24112432	SRR24283330	SRR24283331	SRR24283334	SRR24283345	SRR24283356	SRR24283367	SRR24283378	SRR24283389	SRR24283398	SRR24283399	SRR24283400	SRR24283401	SRR25992317	SRR25992318	SRR25992319	SRR25992320	SRR25992321	SRR25992328	SRR25992329	SRR25992330	SRR25992331	SRR25992339	SRR25992350	SRR25992351	SRR25998238	SRR25998259	SRR25998270	SRR25998282	SRR25998315	SRR25998316	SRR26322612	SRR26322620	SRR26322621	SRR26322622	SRR26322623	SRR26322624	SRR26322625	SRR26322626	SRR26322627	SRR29038938	SRR29038939	SRR29038946	SRR29038947	SRR3337803	SRR3337804	SRR3337805	SRR3337806	SRR3337807	SRR3337808	SRR3337847	SRR5083096	SRR5083097	SRR5083102	SRR5801184	SRR5801185	SRR5801186	SRR6376636	SRR6376637	SRR6376639	SRR6376660	SRR6376661	SRR6510572	SRR6510574	SRR6510575	SRR8949212	SRR8949214	SRR8949215	SRR8949216	SRR8949217
methanotrophy	0	0	1	1	0	0	0	0	0	0	0	0	0	0	0	0	0	0	0	0	0	0	0	0	0	1	0	0	0	0	0	0	0	0	1	0	0	1	0	0	0	0	0	0	0	0	0	0	0	0	0	0	0	0	0	0	0	0	0	0	0	0	0	0	0	0	0	0	0	0	0	0	0	0	0	0	1	0	0	0	0	3	0	4	3	0	0	0	5	9	6	5	0	0	0	0	0	0	0	0	0	0	0	0	0	0	0	0	0	0	0	0	0	0	0	0	0	0	0	0	0	0	0	0	0	0	0	0	0	0	0	0	0	0	0	0	0	0	0	0	0	0	0	0	0	0	0	0	0	0	0	1	0	0	0	0	0	0	0	0	0	0	0	0	0	2	8	2	0	0	0	0	0	0	0	0	0	0	0	144	0	0	0	0	0	0	0	0	0	0	0	0	0	0	0	0	0	0	0	0	0	0	0	0	0	0	0	0	0	0	0	0	0	0	0	0	0	0	0	0	0	2	4	4	2	1	4	5	6	1	3	2	3	0	0	0	0	0	0	0	0	0	0	0	0	0	0	0	0	0	0	0	0	2	1	0	0	0	0	0	0	0	4	3	4	0	0	1	0	0	0	0	0	0	0	0	0	0
acetoclastic_methanogenesis	0	0	0	0	0	0	0	0	0	0	0	0	0	0	0	0	0	0	0	0	0	0	0	0	0	0	0	0	0	0	0	0	0	0	0	0	0	0	0	0	0	0	0	0	0	0	0	0	0	0	0	0	0	0	0	0	0	0	0	0	0	0	0	0	0	0	0	0	0	0	0	0	0	0	0	0	0	0	0	0	0	0	0	0	0	0	0	0	0	0	0	0	0	0	0	0	0	0	0	0	0	0	0	0	0	0	0	0	0	0	0	0	0	0	0	0	0	0	0	0	0	0	0	0	0	0	0	0	0	0	0	0	0	0	0	0	0	0	0	0	0	0	0	0	0	0	0	0	0	0	0	0	0	0	0	0	0	0	0	0	0	0	0	0	0	0	0	0	0	0	0	0	0	0	0	0	0	0	0	0	0	0	0	0	0	0	0	0	0	0	0	0	0	0	0	0	0	0	0	0	0	0	0	0	0	0	0	0	0	0	0	0	0	0	0	0	0	0	0	0	0	0	0	0	0	0	0	0	0	0	0	0	0	0	0	0	0	0	0	0	0	0	0	0	0	0	0	0	0	0	0	0	0	0	0	0	0	0	0	0	0	0	0	0	0	0	0	0	0	0	0	0	0	0	0	0	0	0
methanogenesis_by_disproportionation_of_methyl_groups	0	0	0	0	0	0	0	0	0	0	0	0	0	0	0	0	0	0	0	0	0	0	0	0	0	0	0	0	0	0	0	0	0	0	0	0	0	0	0	0	0	0	0	0	0	0	0	0	0	0	0	0	0	0	0	0	0	0	0	0	0	0	0	0	0	0	0	0	0	0	0	0	0	0	0	0	0	0	0	0	0	0	0	0	0	0	0	0	0	0	0	0	0	0	0	0	0	0	0	0	0	0	0	0	0	0	0	0	0	0	0	0	0	0	0	0	0	0	0	0	0	0	0	0	0	0	0	0	0	0	0	0	0	0	0	0	0	0	0	0	0	0	0	0	0	0	0	0	0	0	0	0	0	0	0	0	0	0	0	0	0	0	0	0	0	0	0	0	0	0	0	0	0	0	0	0	0	0	0	0	0	0	0	0	0	0	0	0	0	0	0	0	0	0	0	0	0	0	0	0	0	0	0	0	0	0	0	0	0	0	0	0	0	0	0	0	0	0	0	0	0	0	0	0	0	0	0	0	0	0	0	0	0	0	0	0	0	0	0	0	0	0	0	0	0	0	0	0	0	0	0	0	0	0	0	0	0	0	0	0	0	0	0	0	0	0	0	0	0	0	0	0	0	0	0	0	0	0
methanogenesis_using_formate	0	0	0	0	0	0	0	0	0	0	0	0	0	0	0	0	0	0	0	0	0	0	0	0	0	0	0	0	0	0	0	0	0	0	0	0	0	0	0	0	0	0	0	0	0	0	0	0	0	0	0	0	0	0	0	0	0	0	0	0	0	0	0	0	0	0	0	0	0	0	0	0	0	0	0	0	0	0	0	0	0	0	0	0	0	0	0	0	0	0	0	0	0	0	0	0	0	0	0	0	0	0	0	0	0	0	0	0	0	0	0	0	0	0	0	0	0	0	0	0	0	0	0	0	0	0	0	0	0	0	0	0	0	0	0	0	0	0	0	0	0	0	0	0	0	0	0	0	0	0	0	0	0	0	0	0	0	0	0	0	0	0	0	0	0	0	0	0	0	0	0	0	0	0	0	0	0	0	0	0	0	0	0	0	0	0	0	0	0	0	0	0	0	0	0	0	0	0	0	0	0	0	0	0	0	0	0	0	0	0	0	0	0	0	0	0	0	0	0	0	0	0	0	0	0	0	0	0	0	0	0	0	0	0	0	0	0	0	0	0	0	0	0	0	0	0	0	0	0	0	0	0	0	0	0	0	0	0	0	0	0	0	0	0	0	0	0	0	0	0	0	0	0	0	0	0	0	0
methanogenesis_by_CO2_reduction_with_H2	0	0	0	0	0	0	0	0	0	0	0	0	0	0	0	0	0	0	0	0	0	0	0	0	0	0	0	0	0	0	0	0	0	0	0	0	0	0	0	0	0	0	0	0	0	0	0	0	0	0	0	0	0	0	0	0	0	0	0	0	0	0	0	0	0	0	0	0	0	0	0	0	0	0	0	0	0	0	0	0	0	0	0	0	0	0	0	0	0	0	0	0	0	0	0	0	0	0	0	0	0	0	0	0	0	0	0	0	0	0	0	0	0	0	0	0	0	0	0	0	0	0	0	0	0	0	0	0	0	0	0	0	0	0	0	0	0	0	0	0	0	0	0	0	0	0	0	0	0	0	0	0	0	0	0	0	0	0	0	0	0	0	0	0	0	0	0	0	0	0	0	0	0	0	0	0	0	0	0	0	0	0	0	0	0	0	0	0	0	0	0	0	0	0	0	0	0	0	0	0	0	0	0	0	0	0	0	0	0	0	0	0	0	0	0	0	0	0	0	0	0	0	0	0	0	0	0	0	0	0	0	0	0	0	0	0	0	0	0	0	0	0	0	0	0	0	0	0	0	0	0	0	0	0	0	0	0	0	0	0	0	0	0	0	0	0	0	0	0	0	0	0	0	0	0	0	0	0
methanogenesis_by_reduction_of_methyl_compounds_with_H2	0	0	0	0	0	0	0	0	0	0	0	0	0	0	0	0	0	0	0	0	0	0	0	0	0	0	0	0	0	0	0	0	0	0	0	0	0	0	0	0	0	0	0	0	0	0	0	0	0	0	0	0	0	0	0	0	0	0	0	0	0	0	0	0	0	0	0	0	0	0	0	0	0	0	0	0	0	0	0	0	0	0	0	0	0	0	0	0	0	0	0	0	0	0	0	0	0	0	0	0	0	0	0	0	0	0	0	0	0	0	0	0	0	0	0	0	0	0	0	0	0	0	0	0	0	0	0	0	0	0	0	0	0	0	0	0	0	0	0	0	0	0	0	0	0	0	0	0	0	0	0	0	0	0	0	0	0	0	0	0	0	0	0	0	0	0	0	0	0	0	0	0	0	0	0	0	0	0	0	0	0	0	0	0	0	0	0	0	0	0	0	0	0	0	0	0	0	0	0	0	0	0	0	0	0	0	0	0	0	0	0	0	0	0	0	0	0	0	0	0	0	0	0	0	0	0	0	0	0	0	0	0	0	0	0	0	0	0	0	0	0	0	0	0	0	0	0	0	0	0	0	0	0	0	0	0	0	0	0	0	0	0	0	0	0	0	0	0	0	0	0	0	0	0	0	0	0	0
hydrogenotrophic_methanogenesis	0	0	0	0	0	0	0	0	0	0	0	0	0	0	0	0	0	0	0	0	0	0	0	0	0	0	0	0	0	0	0	0	0	0	0	0	0	0	0	0	0	0	0	0	0	0	0	0	0	0	0	0	0	0	0	0	0	0	0	0	0	0	0	0	0	0	0	0	0	0	0	0	0	0	0	0	0	0	0	0	0	0	0	0	0	0	0	0	0	0	0	0	0	0	0	0	0	0	0	0	0	0	0	0	0	0	0	0	0	0	0	0	0	0	0	0	0	0	0	0	0	0	0	0	0	0	0	0	0	0	0	0	0	0	0	0	0	0	0	0	0	0	0	0	0	0	0	0	0	0	0	0	0	0	0	0	0	0	0	0	0	0	0	0	0	0	0	0	0	0	0	0	0	0	0	0	0	0	0	0	0	0	0	0	0	0	0	0	0	0	0	0	0	0	0	0	0	0	0	0	0	0	0	0	0	0	0	0	0	0	0	0	0	0	0	0	0	0	0	0	0	0	0	0	0	0	0	0	0	0	0	0	0	0	0	0	0	0	0	0	0	0	0	0	0	0	0	0	0	0	0	0	0	0	0	0	0	0	0	0	0	0	0	0	0	0	0	0	0	0	0	0	0	0	0	0	0	0
methanogenesis	0	0	0	0	0	0	0	0	0	0	0	0	0	0	0	0	0	0	0	0	0	0	0	0	0	0	0	0	0	0	0	0	0	0	0	0	0	0	0	0	0	0	0	0	0	0	0	0	0	0	0	0	0	0	0	0	0	0	0	0	0	0	0	0	0	0	0	0	0	0	0	0	0	0	0	0	0	0	0	0	0	0	0	0	0	0	0	0	0	0	0	0	0	0	0	0	0	0	0	0	0	0	0	0	0	0	0	0	0	0	0	0	0	0	0	0	0	0	0	0	0	0	0	0	0	0	0	0	0	0	0	0	0	0	0	0	0	0	0	0	0	0	0	0	0	0	0	0	0	0	0	0	0	0	0	0	0	0	0	0	0	0	0	0	0	0	0	0	0	0	0	0	0	0	0	0	0	0	0	0	0	0	0	0	0	0	0	0	0	0	0	0	0	0	0	0	0	0	0	0	0	0	0	0	0	0	0	0	0	0	0	0	0	0	0	0	0	0	0	0	0	0	0	0	0	0	0	0	0	0	0	0	0	0	0	0	0	0	0	0	0	0	0	0	0	0	0	0	0	0	0	0	0	0	0	0	0	0	0	0	0	0	0	0	0	0	0	0	0	0	0	0	0	0	0	0	0	0
methanol_oxidation	4	6	8	7	6	9	0	0	0	2	0	0	3	0	0	0	0	2	0	0	2	3	4	0	2	1	10	1	0	5	1	0	0	0	0	0	3	2	4	8	2	4	4	9	0	1	1	0	2	1	0	0	0	0	1	0	1	0	1	0	0	0	0	1	4	0	0	2	2	0	4	3	1	0	1	2	0	0	0	0	0	2	2	1	1	0	0	0	19	19	23	11	0	0	0	0	0	0	0	0	0	0	0	0	0	0	0	0	0	0	0	0	0	0	0	0	0	0	0	2	1	10	26	10	9	14	6	10	20	7	12	9	15	9	18	6	6	6	8	11	9	7	10	9	14	13	4	1	1	0	0	0	0	0	0	6	3	2	1	0	6	7	0	12	20	0	0	0	0	0	0	0	0	0	0	1	0	1	0	0	0	0	1	0	1	1	7	8	5	462	40	14	1	0	0	0	1	0	0	0	0	0	0	0	0	0	0	0	0	0	0	0	0	0	1	1	0	0	0	0	0	6	12	10	9	14	8	8	8	11	11	20	13	5	17	4	6	0	3	0	0	0	1	1	1	0	0	0	9	5	5	8	2	1	0	7	2	2	0	0	0	0	8	15	7	1	0	7	3	4	7	6	6	0	2	1	0	1
methylotrophy	4	6	9	8	6	9	0	0	0	2	0	0	3	0	0	0	0	2	0	0	2	3	4	0	2	2	10	1	0	5	1	0	0	0	1	0	3	3	4	8	2	4	4	9	0	1	1	0	2	1	0	0	0	0	1	0	1	0	1	0	0	0	0	1	4	0	0	2	2	0	4	3	1	0	1	2	1	0	0	0	0	5	2	5	4	0	0	0	24	28	29	16	0	0	0	0	0	0	0	0	0	0	0	0	0	0	0	0	0	0	0	0	0	0	0	0	0	0	0	2	1	10	26	10	9	14	6	10	20	7	12	9	15	9	18	6	6	6	8	11	9	7	10	9	14	13	4	1	1	0	0	1	0	0	0	6	3	2	1	0	6	7	0	12	20	2	8	2	0	0	0	0	0	0	0	1	0	1	0	144	0	0	1	0	1	1	7	8	5	462	40	14	1	0	0	0	1	0	0	0	0	0	0	0	0	0	0	0	0	0	0	0	0	0	1	1	0	0	0	0	0	8	16	14	11	15	12	13	14	12	14	22	16	5	17	4	6	0	3	0	0	0	1	1	1	0	0	0	9	5	5	8	2	3	1	7	2	2	0	0	0	0	12	18	11	1	0	8	3	4	7	6	6	0	2	1	0	1
aerobic_ammonia_oxidation	0	0	1	2	1	4	0	0	0	0	0	0	0	0	0	0	0	0	0	0	0	0	0	1	0	1	2	0	0	0	0	0	0	0	0	0	1	1	0	0	2	0	1	2	3	5	3	12	8	5	54	27	14	152	0	0	1	0	0	0	0	0	0	2	0	0	0	1	1	0	1	0	1	0	0	0	1	8	0	1	0	94	53	66	118	0	1	1	185	172	309	311	0	0	0	0	0	0	0	0	0	0	0	0	0	0	0	0	0	0	0	0	0	1	0	0	0	0	0	0	0	0	0	0	0	0	0	0	0	0	0	0	0	0	0	0	0	0	1	0	0	0	0	0	33	12	18	22	7	2	5	0	0	0	2	0	1	1	0	0	4	0	0	0	0	1	10	12	0	1	0	0	0	0	49	34	6	13	11	7	47	13	11	29	96	7	83	58	48	18	39	77	0	0	3	2	2	0	1	3	7	4	1	3	5	3	2	3	4	0	3	4	1	0	1	0	0	3	1	1	1	54	43	82	59	57	33	101	125	89	83	64	91	0	0	0	0	0	0	21	7	48	58	14	18	32	8	48	1	0	0	0	80	64	78	72	97	44	79	32	47	18	205	75	104	0	0	0	0	0	2	7	9	0	0	0	0	0
aerobic_nitrite_oxidation	2	2	0	3	3	0	6	11	9	5	7	6	0	0	5	0	0	0	0	0	0	0	0	0	0	3	0	0	0	0	11	12	9	13	12	6	0	0	0	0	0	0	0	0	0	0	0	49	39	31	1	2	0	10	0	0	1	0	0	0	1	1	0	0	0	2	4	1	6	13	0	0	7	0	2	0	0	0	0	0	0	4	5	6	6	2	2	0	5	11	9	7	0	0	0	0	0	0	0	0	0	0	0	0	0	0	0	0	0	0	0	0	0	0	0	0	2	0	0	0	0	0	0	0	0	0	0	0	0	0	0	0	0	0	0	0	0	0	0	0	0	0	0	0	1	1	2	11	4	12	10	29	22	56	29	0	0	0	0	18	1	0	7	4	0	0	0	0	1	5	3	6	0	3	9	19	5	3	18	10	30	7	13	11	2	10	1	1	0	0	4	3	1	1	0	0	2	0	1	1	0	0	0	0	0	1	1	5	1	0	1	0	0	5	5	10	7	0	2	6	1	1	1	1	4	7	0	5	2	3	5	4	3	0	0	0	0	0	0	0	0	0	0	0	0	0	0	2	0	0	0	0	2	4	10	0	1	3	28	1	4	3	3	4	10	7	3	4	1	0	2	2	2	0	0	0	0	1
nitrification	2	2	1	5	4	4	6	11	9	5	7	6	0	0	5	0	0	0	0	0	0	0	0	1	0	4	2	0	0	0	11	12	9	13	12	6	1	1	0	0	2	0	1	2	3	5	3	61	47	36	55	29	14	162	0	0	2	0	0	0	1	1	0	2	0	2	4	2	7	13	1	0	8	0	2	0	1	8	0	1	0	98	58	72	124	2	3	1	190	183	318	318	0	0	0	0	0	0	0	0	0	0	0	0	0	0	0	0	0	0	0	0	0	1	0	0	2	0	0	0	0	0	0	0	0	0	0	0	0	0	0	0	0	0	0	0	0	0	1	0	0	0	0	0	34	13	20	33	11	14	15	29	22	56	31	0	1	1	0	18	5	0	7	4	0	1	10	12	1	6	3	6	0	3	58	53	11	16	29	17	77	20	24	40	98	17	84	59	48	18	43	80	1	1	3	2	4	0	2	4	7	4	1	3	5	4	3	8	5	0	4	4	1	5	6	10	7	3	3	7	2	55	44	83	63	64	33	106	127	92	88	68	94	0	0	0	0	0	0	21	7	48	58	14	18	32	8	50	1	0	0	0	82	68	88	72	98	47	107	33	51	21	208	79	114	7	3	4	1	0	4	9	11	0	0	0	0	1
sulfate_respiration	0	0	0	0	0	0	0	0	0	0	0	0	1	5	0	0	0	4	10	0	1	0	1	0	1	0	0	0	2	1	0	0	0	0	0	0	0	0	0	0	0	0	0	1	0	0	0	9	11	1	0	0	0	0	0	2	1	0	0	3	0	1	1	0	0	0	0	0	0	1	1	0	0	0	0	0	0	0	0	0	0	0	0	0	0	2	0	0	0	3	0	1	0	1	0	2	3	6	1	0	4	21	9	0	4	1	40	5	23	4	16	1	0	1	0	0	0	0	0	0	0	0	0	0	0	0	0	0	0	0	0	0	0	0	0	0	0	0	0	0	0	0	0	0	0	0	0	0	0	0	0	0	1	0	0	0	0	0	0	0	0	0	0	0	0	11	30	60	0	0	0	0	0	0	0	1	6	1	2	0	0	3	1	3	0	0	28	39	37	5	3	3	0	0	0	0	0	0	0	0	0	0	0	0	0	0	0	0	0	0	0	0	0	0	0	0	0	0	0	0	1	0	0	0	0	0	0	0	0	0	0	0	0	0	0	0	0	0	0	0	0	1	0	0	0	0	0	0	0	0	0	0	0	0	0	0	0	0	2	3	8	3	1	1	2	0	0	0	0	0	2	2	2	0	0	0	0	0
sulfur_respiration	0	0	0	0	0	0	0	0	0	0	0	0	0	0	0	0	0	0	0	0	0	0	0	0	0	0	0	0	0	0	0	0	0	0	0	0	0	0	0	0	0	0	0	0	0	0	0	0	0	0	1	0	0	16	0	0	0	0	0	0	0	0	0	0	0	0	0	0	0	0	0	0	0	0	0	0	0	0	0	0	0	0	0	0	0	0	0	0	0	0	0	0	0	0	0	0	0	0	0	0	0	0	0	0	0	0	0	0	0	0	0	0	0	0	0	0	0	0	0	0	0	0	0	0	0	0	0	0	0	0	0	0	0	0	0	0	0	0	0	0	0	0	0	0	0	0	0	0	0	0	0	0	0	0	0	0	0	0	0	0	0	0	0	0	0	0	0	0	0	0	0	0	0	0	0	0	0	0	0	0	0	0	0	0	0	0	16	29	21	2	4	1	0	0	0	0	0	0	0	0	0	0	0	0	0	0	0	0	0	0	0	0	0	0	0	0	0	0	0	0	0	0	0	0	0	0	0	0	0	0	0	0	0	0	0	0	0	0	0	0	0	0	0	0	0	0	0	0	0	0	0	0	0	0	0	0	0	0	0	0	0	0	0	0	0	0	0	0	0	0	0	0	0	0	0	0	0	0
dark_sulfite_oxidation	0	0	0	0	0	0	0	0	0	0	0	0	0	0	0	0	0	0	0	0	0	0	0	0	0	0	0	0	0	0	0	0	0	0	0	0	0	0	0	0	0	0	0	0	0	0	0	0	0	0	0	0	0	0	0	0	0	0	0	0	0	0	0	0	0	0	0	0	0	0	0	0	0	0	0	0	0	0	0	0	0	0	0	0	0	0	0	0	0	0	0	0	0	0	0	0	0	0	0	0	0	0	0	0	0	0	0	0	0	0	0	0	0	0	0	0	0	0	0	0	0	0	0	0	0	0	0	0	0	0	0	0	0	0	0	0	0	0	0	0	0	0	0	0	0	0	0	0	0	0	0	0	0	0	0	0	0	0	0	0	0	0	0	0	0	0	0	0	0	0	0	0	0	0	0	0	0	0	0	0	0	0	0	0	0	0	0	0	0	0	0	0	0	0	0	0	0	0	0	0	0	0	0	0	0	0	0	0	0	0	0	0	0	0	0	0	0	0	0	0	0	0	0	0	0	0	0	0	0	0	0	0	0	0	0	0	0	0	0	0	0	0	0	0	0	0	0	0	0	0	0	0	0	0	0	0	0	0	0	0	0	0	0	0	0	0	0	0	0	0	0	0	0	0	0	0	0	0
sulfite_respiration	0	0	0	0	0	0	0	0	0	0	0	0	0	0	0	0	0	0	0	0	0	0	0	0	0	0	0	0	0	0	0	0	0	0	0	0	0	0	0	0	0	0	0	0	0	0	0	0	0	0	0	0	0	0	0	0	0	0	0	0	0	0	0	0	0	0	0	0	0	0	0	0	0	0	0	0	0	0	0	0	0	0	0	0	0	0	0	0	0	0	0	0	0	0	0	0	0	0	0	0	0	0	0	0	0	0	0	0	0	0	0	0	0	0	0	0	0	0	0	0	0	0	0	0	0	0	0	0	0	0	0	0	0	0	0	0	0	0	0	0	0	0	0	0	0	0	0	0	0	0	0	0	0	0	0	0	0	0	0	0	0	0	0	0	0	0	0	0	0	0	0	0	0	0	0	0	0	0	0	0	0	0	0	0	0	0	0	0	0	0	0	0	0	0	0	0	0	0	0	0	0	0	0	0	0	0	0	0	0	0	0	0	0	0	0	0	0	0	0	0	0	0	0	0	0	0	0	0	0	0	0	0	0	0	0	0	0	0	0	0	0	0	0	0	0	0	0	0	0	0	0	0	0	0	0	0	0	0	0	0	0	0	0	0	0	0	0	0	0	0	0	0	0	0	0	0	0	0
thiosulfate_respiration	0	0	0	0	0	0	0	0	0	0	0	0	0	0	0	0	0	0	0	0	0	0	0	0	0	0	0	0	0	0	0	0	0	0	0	0	0	0	0	0	0	0	0	0	0	0	0	0	0	0	0	0	0	0	0	0	0	0	0	0	0	0	0	0	0	0	0	0	0	0	0	0	0	0	0	0	0	0	0	0	0	0	0	0	0	0	0	0	0	0	0	0	0	0	0	0	0	0	0	0	0	0	0	0	0	0	0	0	0	0	0	0	1	23	0	378	0	0	0	0	0	0	0	0	0	0	0	0	0	0	0	0	0	0	0	0	0	0	0	0	0	0	0	0	0	0	0	0	0	0	0	0	0	0	0	0	0	0	0	0	0	0	0	0	0	0	0	0	0	1	0	0	0	1	0	0	0	0	0	0	0	0	0	0	0	0	0	0	0	0	0	0	0	0	0	0	0	0	0	0	0	0	0	0	0	0	0	0	0	0	0	0	0	0	0	0	0	0	0	0	0	0	0	0	0	0	0	0	0	0	0	0	0	0	0	0	0	0	0	0	0	0	0	0	0	0	0	0	0	0	0	0	0	0	0	0	0	0	0	0	0	0	0	0	0	0	0	0	0	0	0	0	0	0	0	0	0	0
respiration_of_sulfur_compounds	0	0	0	0	0	0	0	0	0	0	0	0	1	5	0	0	0	4	10	0	1	0	1	0	1	0	0	0	2	1	0	0	0	0	0	0	0	0	0	0	0	0	0	1	0	0	0	9	11	1	1	0	0	16	0	2	1	0	0	3	0	1	1	0	0	0	0	0	0	1	1	0	0	0	0	0	0	0	0	0	0	0	0	0	0	2	0	0	0	3	0	1	0	1	0	2	3	6	1	0	4	21	9	0	4	1	40	5	23	4	16	1	1	24	0	378	0	0	0	0	0	0	0	0	0	0	0	0	0	0	0	0	0	0	0	0	0	0	0	0	0	0	0	0	0	0	0	0	0	0	0	0	1	0	0	0	0	0	0	0	0	0	0	0	0	11	30	60	0	1	0	0	0	1	0	1	6	1	2	0	0	3	1	3	0	0	44	68	58	7	7	4	0	0	0	0	0	0	0	0	0	0	0	0	0	0	0	0	0	0	0	0	0	0	0	0	0	0	0	0	1	0	0	0	0	0	0	0	0	0	0	0	0	0	0	0	0	0	0	0	0	1	0	0	0	0	0	0	0	0	0	0	0	0	0	0	0	0	2	3	8	3	1	1	2	0	0	0	0	0	2	2	2	0	0	0	0	0
arsenate_detoxification	0	0	0	0	0	0	0	0	0	0	0	0	0	0	0	0	0	0	0	0	0	0	0	0	0	0	0	0	0	0	0	0	0	0	0	0	0	0	0	0	0	0	0	0	0	0	0	0	0	0	0	0	0	0	0	0	0	0	0	0	0	0	0	0	0	0	0	0	0	0	0	0	0	0	0	0	0	0	0	0	0	0	0	0	0	0	0	0	0	0	0	0	0	0	0	0	0	0	0	0	0	0	0	0	0	0	0	0	0	0	0	0	0	0	0	0	0	0	0	0	0	0	0	0	0	0	0	0	0	0	0	0	0	0	0	0	0	0	0	0	0	0	0	0	0	0	0	0	0	0	0	0	0	0	0	0	0	0	0	0	0	0	0	0	0	0	0	0	0	0	0	0	0	0	0	0	0	0	0	0	0	0	0	0	0	0	0	0	0	0	0	0	0	0	0	0	0	0	0	0	0	0	0	0	0	0	0	0	0	0	0	0	0	0	0	0	0	0	0	0	0	0	0	0	0	0	0	0	0	0	0	0	0	0	0	0	0	0	0	0	0	0	0	0	0	0	0	0	0	0	0	0	0	0	0	0	0	0	0	0	0	0	0	0	0	0	0	0	0	0	0	0	0	0	0	0	0	0
arsenate_respiration	0	0	0	0	0	0	0	0	0	0	0	0	0	0	0	0	0	0	0	0	0	0	0	0	0	0	0	0	0	0	0	0	0	0	0	0	0	0	0	0	0	0	0	0	0	0	0	0	0	0	0	0	0	0	0	0	0	0	0	0	0	0	0	0	0	0	0	0	0	0	0	0	0	0	0	0	0	0	0	0	0	0	0	0	0	0	0	0	0	0	0	0	0	0	0	0	0	0	0	0	0	0	0	0	0	0	0	0	0	0	0	0	0	0	0	0	0	0	0	0	0	0	0	0	0	0	0	0	0	0	0	0	0	0	0	0	0	0	0	0	0	0	0	0	0	0	0	0	0	0	0	0	0	0	0	0	0	0	0	0	0	0	0	0	0	0	0	0	0	0	0	0	0	0	0	0	0	0	0	0	0	0	0	0	0	0	0	0	0	0	0	0	0	0	0	0	0	0	0	0	0	0	0	0	0	0	0	0	0	0	0	0	0	0	0	0	0	0	0	0	0	0	0	0	0	0	0	0	0	0	0	0	0	0	0	0	0	0	0	0	0	0	0	0	0	0	0	0	0	0	0	0	0	0	0	0	0	0	0	0	0	0	0	0	0	0	0	0	0	0	0	0	0	0	0	0	0	0
dissimilatory_arsenate_reduction	0	0	0	0	0	0	0	0	0	0	0	0	0	0	0	0	0	0	0	0	0	0	0	0	0	0	0	0	0	0	0	0	0	0	0	0	0	0	0	0	0	0	0	0	0	0	0	0	0	0	0	0	0	0	0	0	0	0	0	0	0	0	0	0	0	0	0	0	0	0	0	0	0	0	0	0	0	0	0	0	0	0	0	0	0	0	0	0	0	0	0	0	0	0	0	0	0	0	0	0	0	0	0	0	0	0	0	0	0	0	0	0	0	0	0	0	0	0	0	0	0	0	0	0	0	0	0	0	0	0	0	0	0	0	0	0	0	0	0	0	0	0	0	0	0	0	0	0	0	0	0	0	0	0	0	0	0	0	0	0	0	0	0	0	0	0	0	0	0	0	0	0	0	0	0	0	0	0	0	0	0	0	0	0	0	0	0	0	0	0	0	0	0	0	0	0	0	0	0	0	0	0	0	0	0	0	0	0	0	0	0	0	0	0	0	0	0	0	0	0	0	0	0	0	0	0	0	0	0	0	0	0	0	0	0	0	0	0	0	0	0	0	0	0	0	0	0	0	0	0	0	0	0	0	0	0	0	0	0	0	0	0	0	0	0	0	0	0	0	0	0	0	0	0	0	0	0	0
arsenite_oxidation_detoxification	0	0	0	0	0	0	0	0	0	0	0	0	0	0	0	0	0	0	0	0	0	0	0	0	0	0	0	0	0	0	0	0	0	0	0	0	0	0	0	0	0	0	0	0	0	0	0	0	0	0	0	0	0	0	0	0	0	0	0	0	0	0	0	0	0	0	0	0	0	0	0	0	0	0	0	0	0	0	0	0	0	0	0	0	0	0	0	0	0	0	0	0	0	0	0	0	0	0	0	0	0	0	0	0	0	0	0	0	0	0	0	0	0	0	0	0	0	0	0	0	0	0	0	0	0	0	0	0	0	0	0	0	0	0	0	0	0	0	0	0	0	0	0	0	0	0	0	0	0	0	0	0	0	0	0	0	0	0	0	0	0	0	0	0	0	0	0	0	0	0	0	0	0	0	0	0	0	0	0	0	0	0	0	0	0	0	0	0	0	0	0	0	0	0	0	0	0	0	0	0	0	0	0	0	0	0	0	0	0	0	0	0	0	0	0	0	0	0	0	0	0	0	0	0	0	0	0	0	0	0	0	0	0	0	0	0	0	0	0	0	0	0	0	0	0	0	0	0	0	0	0	0	0	0	0	0	0	0	0	0	0	0	0	0	0	0	0	0	0	0	0	0	0	0	0	0	0	0
arsenite_oxidation_energy_yielding	0	0	0	0	0	0	0	0	0	0	0	0	0	0	0	0	0	0	0	0	0	0	0	0	0	0	0	0	0	0	0	0	0	0	0	0	0	0	0	0	0	0	0	0	0	0	0	0	0	0	0	0	0	0	0	0	0	0	0	0	0	0	0	0	0	0	0	0	0	0	0	0	0	0	0	0	0	0	0	0	0	0	0	0	0	0	0	0	0	0	0	0	0	0	0	0	0	0	0	0	0	0	0	0	0	0	0	0	0	0	0	0	0	0	0	0	0	0	0	0	0	0	0	0	0	0	0	0	0	0	0	0	0	0	0	0	0	0	0	0	0	0	0	0	0	0	0	0	0	0	0	0	0	0	0	0	0	0	0	0	0	0	0	0	0	0	0	0	0	0	0	0	0	0	0	0	0	0	0	0	0	0	0	0	0	0	0	0	0	0	0	0	0	0	0	0	0	0	0	0	0	0	0	0	0	0	0	0	0	0	0	0	0	0	0	0	0	0	0	0	0	0	0	0	0	0	0	0	0	0	0	0	0	0	0	0	0	0	0	0	0	0	0	0	0	0	0	0	0	0	0	0	0	0	0	0	0	0	0	0	0	0	0	0	0	0	0	0	0	0	0	0	0	0	0	0	0	0
dissimilatory_arsenite_oxidation	0	0	0	0	0	0	0	0	0	0	0	0	0	0	0	0	0	0	0	0	0	0	0	0	0	0	0	0	0	0	0	0	0	0	0	0	0	0	0	0	0	0	0	0	0	0	0	0	0	0	0	0	0	0	0	0	0	0	0	0	0	0	0	0	0	0	0	0	0	0	0	0	0	0	0	0	0	0	0	0	0	0	0	0	0	0	0	0	0	0	0	0	0	0	0	0	0	0	0	0	0	0	0	0	0	0	0	0	0	0	0	0	0	0	0	0	0	0	0	0	0	0	0	0	0	0	0	0	0	0	0	0	0	0	0	0	0	0	0	0	0	0	0	0	0	0	0	0	0	0	0	0	0	0	0	0	0	0	0	0	0	0	0	0	0	0	0	0	0	0	0	0	0	0	0	0	0	0	0	0	0	0	0	0	0	0	0	0	0	0	0	0	0	0	0	0	0	0	0	0	0	0	0	0	0	0	0	0	0	0	0	0	0	0	0	0	0	0	0	0	0	0	0	0	0	0	0	0	0	0	0	0	0	0	0	0	0	0	0	0	0	0	0	0	0	0	0	0	0	0	0	0	0	0	0	0	0	0	0	0	0	0	0	0	0	0	0	0	0	0	0	0	0	0	0	0	0	0
anammox	0	0	0	0	0	0	0	0	0	0	0	0	0	0	0	0	0	0	0	0	0	0	0	0	0	0	0	0	0	0	0	0	0	0	0	0	0	0	0	0	0	0	0	0	0	0	0	0	0	0	0	0	0	0	0	0	0	0	0	0	0	0	0	0	0	0	0	0	0	0	0	0	0	0	0	0	0	0	0	0	0	0	0	0	0	0	0	0	0	0	0	0	0	0	0	0	0	0	0	0	0	0	0	0	0	0	0	0	0	0	0	0	0	0	0	0	0	0	0	0	0	0	0	0	0	0	0	0	0	0	0	0	0	0	0	0	0	0	0	0	0	0	0	0	0	0	0	0	0	0	0	0	0	0	0	0	0	0	0	0	0	0	0	0	0	0	0	0	0	0	0	0	0	0	0	0	0	0	0	0	0	0	0	0	0	0	0	0	0	0	0	0	0	0	0	0	0	0	0	0	0	0	0	0	0	0	0	0	0	0	0	0	0	0	0	0	0	0	0	0	0	0	0	0	0	0	0	0	0	0	0	0	0	0	0	0	0	0	0	0	0	0	0	0	0	0	0	0	0	0	0	0	0	0	0	0	0	0	0	0	0	0	0	0	0	0	0	0	0	0	0	0	0	0	0	0	0	0
nitrate_denitrification	1	0	3	0	1	1	1	0	2	0	1	4	0	0	0	0	0	0	0	0	0	0	0	1	0	1	0	0	0	0	0	0	2	1	0	0	5	5	1	0	0	0	0	0	3	3	9	2	1	3	12	5	14	10	1	0	0	0	0	3	0	1	0	4	0	0	1	0	2	0	0	0	5	0	1	0	0	0	1	0	0	53	64	63	59	0	0	0	32	41	23	13	0	0	1	0	1	3	0	0	0	0	0	0	0	0	0	0	0	0	0	0	0	0	0	0	0	0	0	0	0	0	0	0	0	0	0	0	0	0	0	1	2	1	2	3	1	2	4	4	3	2	1	1	14	12	5	3	1	1	1	1	1	0	0	0	0	0	0	0	0	0	0	1	0	0	0	0	0	0	0	0	0	0	1	2	2	0	0	2	0	0	1	0	2	1	4	1	3	6	3	5	2	2	2	2	2	1	2	1	3	4	2	2	7	2	0	0	3	0	1	0	0	1	1	0	2	1	0	0	1	22	29	25	32	19	33	32	20	16	19	20	20	0	1	0	0	0	0	0	0	0	0	0	0	0	0	0	4	1	6	2	8	16	4	3	4	9	3	1	0	2	14	14	9	0	0	0	0	0	9	6	7	0	1	0	0	0
nitrite_denitrification	1	0	3	0	1	1	1	0	2	0	1	4	0	0	0	0	0	0	0	0	0	0	0	1	0	1	0	0	0	0	0	0	2	1	0	0	5	5	1	0	0	0	0	0	3	3	9	2	1	3	12	5	14	10	1	0	0	0	0	3	0	1	0	4	0	0	1	0	2	0	0	0	5	0	1	0	0	0	1	0	0	53	64	63	59	0	0	0	32	41	23	13	0	0	1	0	1	3	0	0	0	0	0	0	0	0	0	0	0	0	0	0	0	0	0	0	0	0	0	0	0	0	0	0	0	0	0	0	0	0	0	1	2	1	2	3	1	2	4	4	3	2	1	1	14	12	5	3	1	1	1	1	1	0	0	0	0	0	0	0	0	0	0	1	0	0	0	0	0	0	0	0	0	0	1	2	2	0	0	2	0	0	1	0	2	1	4	1	3	6	3	5	2	2	2	2	2	1	2	1	3	4	2	2	7	2	0	0	3	0	1	0	0	1	1	0	2	1	0	0	1	22	29	25	32	19	33	32	20	16	19	20	20	0	1	0	0	0	0	0	0	0	0	0	0	0	0	0	4	1	6	2	8	16	4	3	4	9	3	1	0	2	14	14	9	0	0	0	0	0	9	6	7	0	1	0	0	0
nitrous_oxide_denitrification	1	0	3	0	1	1	1	0	2	0	1	4	0	0	0	0	0	0	0	0	0	0	0	1	0	1	0	0	0	0	0	0	2	1	0	0	5	5	1	0	0	0	0	0	3	3	9	2	1	3	12	5	14	10	1	0	0	0	0	3	0	1	0	4	0	0	1	0	2	0	0	0	5	0	1	0	0	0	1	0	0	53	64	63	59	0	0	0	32	41	23	13	0	0	1	0	1	3	0	0	0	0	0	0	0	0	0	0	0	0	0	0	0	0	0	0	0	0	0	0	0	0	0	0	0	0	0	0	0	0	0	1	2	1	2	3	1	2	4	4	3	2	1	1	14	12	5	3	1	1	1	1	1	0	0	0	0	0	0	0	0	0	0	1	0	0	0	0	0	0	0	0	0	0	1	2	2	0	0	2	0	0	1	0	2	1	4	1	3	6	3	5	2	2	2	2	2	1	2	1	3	4	2	2	7	2	0	0	3	0	1	0	0	1	1	0	2	1	0	0	1	22	29	25	32	19	33	32	20	16	19	20	20	0	1	0	0	0	0	0	0	0	0	0	0	0	0	0	4	1	6	2	8	16	4	3	4	9	3	1	0	2	14	14	9	0	0	0	0	0	9	6	7	0	1	0	0	0
denitrification	1	0	3	0	1	1	1	0	2	0	1	4	0	0	0	0	0	0	0	0	0	0	0	1	0	1	0	0	0	0	0	0	2	1	0	0	5	5	1	0	0	0	0	0	3	3	9	2	1	3	12	5	14	10	1	0	0	0	0	3	0	1	0	4	0	0	1	0	2	0	0	0	5	0	1	0	0	0	1	0	0	53	64	63	59	0	0	0	32	41	23	13	0	0	1	0	1	3	0	0	0	0	0	0	0	0	0	0	0	0	0	0	0	0	0	0	0	0	0	0	0	0	0	0	0	0	0	0	0	0	0	1	2	1	2	3	1	2	4	4	3	2	1	1	14	12	5	3	1	1	1	1	1	0	0	0	0	0	0	0	0	0	0	1	0	0	0	0	0	0	0	0	0	0	1	2	2	0	0	2	0	0	1	0	2	1	4	1	3	6	3	5	2	2	2	2	2	1	2	1	3	4	2	2	7	2	0	0	3	0	1	0	0	1	1	0	2	1	0	0	1	22	29	25	32	19	33	32	20	16	19	20	20	0	1	0	0	0	0	0	0	0	0	0	0	0	0	0	4	1	6	2	8	16	4	3	4	9	3	1	0	2	14	14	9	0	0	0	0	0	9	6	7	0	1	0	0	0
chitinolysis	1	0	18	29	29	42	1	3	0	0	0	2	0	0	1	0	0	2	0	0	0	6	0	1	0	1	2	0	0	0	1	0	0	0	0	0	3	5	0	8	5	1	0	4	21	102	48	7	0	9	6	3	9	1	17	6	1	8	4	15	2	5	11	8	2	23	7	12	20	6	3	0	15	13	4	0	0	0	0	0	0	29	23	31	36	6	4	14	16	28	28	4	0	0	0	0	0	0	0	0	0	0	0	0	0	0	0	0	0	0	0	0	0	0	0	0	5	10	2	6	2	151	252	211	329	313	666	154	193	125	285	4	1	4	1	14	8	18	42	18	35	16	26	21	17	33	42	4	47	5	16	17	23	11	43	0	0	0	0	2	42	7	32	2	0	0	0	0	4	0	1	2	2	0	1	6	11	15	19	3	2	5	2	25	3	17	16	21	36	9	3	3	11	4	7	9	9	3	15	2	8	6	17	12	25	13	8	3	8	18	25	31	24	15	11	24	29	18	14	43	32	4	11	11	22	23	28	16	11	4	10	14	15	6	31	4	29	24	20	1	2	8	13	2	4	8	2	6	10	10	6	16	1	14	14	5	9	21	5	65	104	38	33	48	56	7	7	10	4	5	116	61	140	34	20	16	17	19
knallgas_bacteria	0	0	0	0	0	0	0	0	0	0	0	0	0	0	0	0	0	0	0	0	0	0	0	0	0	0	0	0	0	0	0	0	0	0	0	0	0	0	0	0	0	0	0	0	0	0	0	0	0	0	0	0	0	0	0	0	0	0	0	0	0	0	0	0	0	0	0	0	0	0	0	0	0	0	0	0	0	0	0	0	0	0	0	0	0	0	0	0	0	0	0	0	0	0	0	0	0	0	0	0	0	0	0	0	0	0	0	0	0	0	0	0	0	0	0	0	0	0	0	0	0	0	0	0	0	0	0	0	0	0	0	0	0	0	0	0	0	0	0	0	0	0	0	0	0	0	0	0	0	0	0	0	0	0	0	0	0	0	0	0	0	0	0	0	0	0	0	0	0	0	0	0	0	0	0	0	0	0	0	0	0	0	0	0	0	0	0	0	0	0	0	0	0	0	0	0	0	0	0	0	0	0	0	0	0	0	0	0	0	0	0	0	0	0	0	0	0	0	0	0	0	0	0	0	0	0	0	0	0	0	0	0	0	0	0	0	0	0	0	0	0	0	0	0	0	0	0	0	0	0	0	0	0	0	0	0	0	0	0	0	0	0	0	0	0	0	0	0	0	0	0	0	0	0	0	0	0	0
dark_hydrogen_oxidation	0	0	0	0	0	0	0	0	0	0	0	0	0	0	0	0	0	0	0	0	0	0	0	0	0	0	0	0	0	0	0	0	0	0	0	0	0	0	0	0	0	0	0	0	0	0	0	0	0	1	1	0	0	0	0	0	4	2	0	0	0	0	0	2	0	0	0	0	0	0	3	0	0	0	0	0	0	0	0	0	0	0	0	0	0	0	0	0	0	0	0	0	0	0	0	0	0	0	0	0	0	0	0	0	0	0	0	0	0	0	0	0	0	0	0	0	0	0	0	1	1	0	0	0	0	0	0	0	0	0	0	0	0	0	0	0	0	0	0	0	0	0	0	0	0	1	0	0	0	0	0	0	0	0	0	0	0	0	0	0	0	0	0	0	0	1	0	4	0	0	0	0	0	0	0	0	0	0	0	2	0	68	0	0	0	0	4	6	9	1	0	1	0	0	0	0	0	0	0	0	0	0	0	0	0	0	0	0	0	0	0	0	0	0	0	0	1	0	0	0	0	0	0	0	0	0	0	0	0	0	0	0	0	0	0	22	0	0	0	0	0	0	0	0	0	1	1	2	0	0	0	0	0	0	0	0	0	0	0	0	3	2	0	0	0	0	0	0	0	0	0	0	0	0	0	0	0	0
nitrogen_fixation	71	22	57	152	23	19	8	8	9	9	4	12	0	0	14	0	0	1	0	2	0	1	0	5	0	16	1	2	0	2	7	6	2	4	4	8	16	7	4	5	6	1	2	0	53	48	48	67	75	78	15	8	22	1	14	19	14	14	20	14	8	18	15	37	0	59	39	26	25	6	2	2	10	5	4	0	11	114	44	64	14	114	84	92	76	15	12	8	75	119	103	67	79	62	52	32	65	76	63	35	109	203	183	111	99	149	77	77	29	59	52	129	80	116	88	21	8	9	1	26	2	4	15	3	10	13	18	1	33	5	7	13	4	21	38	7	12	6	57	32	23	12	52	7	82	47	34	89	64	68	70	66	76	55	58	27	23	25	18	125	21	14	147	92	26	0	1	1	31	39	20	27	27	8	5	20	13	4	34	25	9	29	3	22	6	21	54	71	37	8	19	11	14	34	49	74	56	29	10	16	13	17	8	49	24	19	20	67	22	55	33	64	12	42	54	29	58	13	84	134	14	34	68	49	30	39	41	61	63	36	23	48	34	15	16	1	9	5	12	24	43	39	34	17	19	56	7	10	28	210	33	24	7	19	24	13	5	7	11	29	49	40	31	20	16	76	32	78	40	20	16	12	5	37	84	32	63	7
nitrate_ammonification	0	0	0	0	0	0	0	0	0	0	0	0	0	0	0	0	0	0	0	0	0	0	0	0	0	0	0	0	0	0	0	0	0	0	0	0	0	0	0	0	0	0	0	0	0	0	0	0	0	0	0	0	0	0	0	0	0	0	0	0	0	0	0	0	0	0	0	0	0	0	0	0	0	0	0	0	0	0	0	0	0	0	0	0	0	0	0	0	0	0	0	0	0	0	0	0	0	0	0	0	0	0	0	0	0	0	0	0	0	0	0	0	0	0	0	0	0	0	0	0	0	0	0	0	0	0	0	0	0	0	0	0	0	0	0	0	0	0	0	0	0	0	0	0	0	0	0	0	0	0	0	0	0	0	0	0	0	0	0	0	0	0	0	0	0	0	0	0	0	0	0	0	0	0	0	0	0	0	0	0	0	0	0	0	0	0	0	0	0	0	0	0	0	0	0	0	0	0	0	0	0	0	0	0	0	0	0	0	0	0	0	0	0	0	0	0	0	0	0	0	0	0	0	0	0	0	0	0	0	0	0	0	0	0	0	0	0	0	0	0	0	0	0	0	0	0	0	0	0	0	0	0	0	0	0	0	0	0	0	0	0	0	0	0	0	0	0	0	0	0	0	0	0	0	0	0	0	0
nitrite_ammonification	0	0	0	0	0	0	0	0	0	0	0	0	0	0	0	0	0	0	0	0	0	0	0	0	0	0	0	0	0	0	0	0	0	0	0	0	0	0	0	0	0	0	0	0	0	0	0	0	0	0	0	0	0	0	0	0	0	0	0	0	0	0	0	0	0	0	0	0	0	0	0	0	0	0	0	0	0	0	0	0	0	0	0	0	0	0	0	0	0	0	0	0	0	0	0	0	0	0	0	0	0	0	0	0	0	0	0	0	0	0	0	0	0	0	0	0	0	0	0	0	0	0	0	0	0	0	0	0	0	0	0	0	0	0	0	0	0	0	0	0	0	0	0	0	0	0	0	0	0	0	0	0	0	0	0	0	0	0	0	0	0	0	0	0	0	0	0	0	0	0	0	0	0	0	0	0	0	0	0	0	0	0	0	0	0	0	0	0	0	0	0	0	0	0	0	0	0	0	0	0	0	0	0	0	0	0	0	0	0	0	0	0	0	0	0	0	0	0	0	0	0	0	0	0	0	0	0	0	0	0	0	0	0	0	0	0	0	0	0	0	0	0	0	0	0	0	0	0	0	0	0	0	0	0	0	0	0	0	0	0	0	0	0	0	0	0	0	0	0	0	0	0	0	0	0	0	0	0
nitrite_respiration	1	0	3	0	1	1	1	0	2	0	1	4	0	0	0	0	0	0	0	0	0	0	0	1	0	1	0	0	0	0	0	0	2	1	0	0	5	5	1	0	0	0	0	0	3	3	9	2	1	3	12	5	14	10	1	0	0	0	0	3	0	1	0	4	0	0	1	0	2	0	0	0	5	0	1	0	0	0	1	0	0	53	64	63	59	0	0	0	32	41	23	13	0	0	1	0	1	3	0	0	0	0	0	0	0	0	0	0	0	0	0	0	0	0	0	0	0	0	0	0	0	0	0	0	0	0	0	0	0	0	0	1	2	1	2	3	1	2	4	4	3	2	1	1	14	12	5	3	1	1	1	1	1	0	0	0	0	0	0	0	0	0	0	1	0	0	0	0	0	0	0	0	0	0	1	2	2	0	0	2	0	0	1	0	2	1	4	1	3	6	3	5	2	2	2	2	2	1	2	1	3	4	2	2	7	2	0	0	3	0	1	0	0	1	1	0	2	1	0	0	1	22	29	25	32	19	33	32	20	16	19	20	20	0	1	0	0	0	0	0	0	0	0	0	0	0	0	0	4	1	6	2	8	16	4	3	4	9	3	1	0	2	14	14	9	0	0	0	0	0	9	6	7	0	1	0	0	0
cellulolysis	0	0	0	0	0	0	0	0	0	0	0	0	0	0	0	0	0	0	0	0	0	0	0	0	0	0	0	0	0	0	0	0	0	0	0	0	0	0	0	0	0	0	0	0	0	0	0	0	0	0	0	0	0	0	0	0	0	0	0	0	0	0	0	0	0	0	0	0	0	0	0	0	0	0	0	0	0	0	0	0	0	0	0	0	0	0	0	0	0	0	0	0	0	0	0	0	0	0	0	0	0	0	0	0	0	0	0	0	0	0	0	0	0	0	0	0	0	0	0	0	0	0	0	0	0	0	0	0	0	0	0	0	0	0	0	0	0	0	0	0	0	0	0	0	0	0	0	0	0	0	0	0	0	0	0	0	0	0	0	0	0	0	0	0	0	0	0	0	0	0	0	0	0	0	0	0	0	0	0	0	0	0	0	0	0	0	0	0	0	0	0	0	0	0	0	0	0	0	0	0	0	0	0	0	0	0	0	0	0	0	0	0	0	0	0	0	0	0	0	0	0	0	0	0	0	0	0	0	0	0	0	0	0	0	0	0	0	0	0	0	0	0	0	0	0	0	0	0	0	0	0	0	0	0	0	0	142	0	0	0	0	0	0	0	0	0	0	0	0	0	0	0	0	0	0	0	0	0
xylanolysis	0	0	0	0	0	0	0	0	0	0	0	0	0	0	0	0	0	0	0	0	0	0	0	0	0	0	0	0	0	0	0	0	0	0	0	0	0	0	0	0	0	0	0	0	0	0	0	0	0	0	0	0	0	0	0	0	0	0	0	0	0	0	0	0	0	0	0	0	0	0	0	0	0	0	0	0	0	0	0	0	0	0	0	0	0	0	0	0	0	0	0	0	0	0	0	0	0	0	0	0	0	0	0	0	0	0	0	0	0	0	0	0	0	0	0	0	0	0	0	0	0	0	0	0	0	0	0	0	0	0	0	0	0	0	0	0	0	0	0	0	0	0	0	0	0	0	0	0	0	0	0	0	0	0	0	0	0	0	0	0	0	0	0	0	0	0	0	0	0	0	0	0	0	0	0	0	0	0	0	0	0	0	0	0	0	0	0	0	0	0	0	0	0	0	0	0	0	0	0	0	0	0	0	0	0	0	0	0	0	0	0	0	0	0	0	0	0	0	0	0	0	0	0	0	0	0	0	0	0	0	0	0	0	0	0	0	0	0	0	0	0	0	0	0	0	0	0	0	0	0	0	0	0	0	0	0	0	0	0	0	0	0	0	0	0	0	0	0	0	0	0	0	0	0	0	0	0	0
dark_sulfide_oxidation	0	0	0	0	0	0	0	0	0	0	0	0	0	0	0	0	0	0	0	0	0	0	0	0	0	0	0	0	0	0	0	0	0	0	0	0	0	0	0	0	0	0	0	0	0	0	0	0	0	0	0	0	0	0	0	0	0	0	0	0	0	0	0	0	0	0	0	0	0	0	0	0	0	0	0	0	0	0	0	0	0	0	0	0	0	0	0	0	0	0	0	0	0	0	0	0	0	0	0	0	0	0	0	0	0	0	0	0	0	0	0	0	0	0	0	0	0	0	0	0	0	0	0	0	0	0	0	0	0	0	0	0	0	0	0	0	0	0	0	0	0	0	0	0	0	0	0	0	0	0	0	0	0	0	0	0	0	0	0	0	0	0	0	0	0	2	11	14	0	0	0	0	0	0	0	0	0	0	0	0	0	0	0	0	0	0	0	0	0	0	0	0	0	0	0	0	0	0	0	0	0	0	0	0	0	0	0	0	0	0	0	0	0	0	0	0	0	0	0	0	0	0	0	0	0	0	0	0	0	0	0	0	0	0	0	0	0	0	0	0	0	0	0	0	0	0	0	0	0	0	0	0	0	0	0	0	0	0	0	0	0	0	0	0	0	0	0	0	0	0	0	0	0	0	0	0	0	0
dark_sulfur_oxidation	0	0	0	0	0	0	0	0	0	0	0	0	0	0	0	0	0	0	0	0	0	0	0	0	0	0	0	0	0	0	0	0	0	0	0	0	0	0	0	0	0	0	0	0	0	0	0	0	0	0	0	0	0	0	0	0	0	0	0	0	0	0	0	0	0	0	0	0	0	0	0	0	0	0	0	0	0	0	0	0	0	0	0	0	0	0	0	0	0	0	0	0	0	0	0	0	0	0	0	0	0	0	0	0	0	0	0	0	0	0	0	0	0	0	0	0	0	0	0	0	0	0	0	0	0	0	0	0	0	0	0	0	0	0	0	0	0	0	0	0	0	0	0	0	0	0	0	0	0	0	0	0	0	0	0	0	0	0	0	0	0	0	0	0	0	2	11	14	0	0	0	0	0	0	0	0	0	0	0	0	0	0	0	0	0	0	0	0	0	0	0	0	0	0	0	0	0	0	0	0	0	0	0	0	0	0	0	0	0	0	0	0	0	0	0	0	0	0	0	0	0	0	0	0	0	0	0	0	0	0	0	0	0	0	0	0	0	0	0	0	0	0	0	0	0	0	0	0	0	0	0	0	0	0	0	0	0	0	0	0	0	0	0	0	0	0	0	0	0	0	0	0	0	0	0	0	0	0
dark_thiosulfate_oxidation	0	0	0	0	0	0	0	0	0	0	0	0	0	0	0	0	0	0	0	0	0	0	0	0	0	0	0	0	0	0	0	0	0	0	0	0	0	0	0	0	0	0	0	0	0	0	0	0	0	0	0	0	0	0	0	0	0	0	0	0	0	0	0	0	0	0	0	0	0	0	0	0	0	0	0	0	0	0	0	0	0	0	0	0	0	0	0	0	0	0	0	0	0	0	0	0	0	0	0	0	0	0	0	0	0	0	0	0	0	0	0	0	0	0	0	0	0	0	0	0	0	0	0	0	0	0	0	0	0	0	0	0	0	0	0	0	0	0	0	0	0	0	0	0	0	0	0	0	0	0	0	0	0	0	0	0	0	0	0	0	0	0	0	0	0	2	11	14	0	0	0	0	0	0	0	0	0	0	0	0	0	0	0	0	0	0	0	0	0	0	0	0	0	0	0	0	0	0	0	0	0	0	0	0	0	0	0	0	0	0	0	0	0	0	0	0	0	0	0	0	0	0	0	0	0	0	0	0	0	0	0	0	0	0	0	0	0	0	0	0	0	0	0	0	0	0	0	0	0	0	0	0	0	0	0	0	0	0	0	0	0	0	0	0	0	0	0	0	0	0	0	0	0	0	0	0	0	0
dark_oxidation_of_sulfur_compounds	0	0	0	0	0	0	0	0	0	0	0	0	0	0	0	0	0	0	0	0	0	0	0	0	0	0	0	0	0	0	0	0	0	0	0	0	0	0	0	0	0	0	0	0	0	0	0	0	0	0	0	0	0	0	0	0	0	0	0	0	0	0	0	0	0	0	0	0	0	0	0	0	0	0	0	0	0	0	0	0	0	0	0	0	0	0	0	0	0	0	0	0	0	0	0	0	0	0	0	0	0	0	0	0	0	0	0	0	0	0	0	0	0	0	0	0	0	0	0	0	0	0	0	0	0	0	0	0	0	0	0	0	0	0	0	0	0	0	0	0	0	0	0	0	0	0	0	0	0	0	0	0	0	0	0	0	0	0	0	0	0	0	0	0	0	2	11	14	0	0	0	0	0	0	0	0	0	0	0	0	0	0	0	0	0	0	0	0	0	0	0	0	0	0	0	0	0	0	0	0	0	0	0	0	0	0	0	0	0	0	0	0	0	0	0	0	0	0	0	0	0	0	0	0	0	0	0	0	0	0	0	0	0	0	0	0	0	0	0	0	0	0	0	0	0	0	0	0	0	0	0	0	0	0	0	0	0	0	0	0	0	0	0	0	0	0	0	0	0	0	0	0	0	0	0	0	0	0
manganese_oxidation	0	0	0	0	0	0	0	0	0	0	0	0	0	0	0	0	0	0	0	0	0	0	0	0	0	0	0	0	0	0	0	0	0	0	0	0	0	0	0	0	0	0	0	0	0	0	0	0	0	0	0	0	0	0	0	0	0	0	0	0	0	0	0	0	0	0	0	0	0	0	0	0	0	0	0	0	0	0	0	0	0	0	0	0	0	0	0	0	0	0	0	0	0	0	0	0	0	0	0	0	0	0	0	0	0	0	0	0	0	0	0	0	0	0	0	0	0	0	0	0	0	0	0	0	0	0	0	0	0	0	0	0	0	0	0	0	0	0	0	0	0	0	0	0	0	0	0	0	0	0	0	0	0	0	0	0	0	0	0	0	0	0	0	0	0	0	0	0	0	0	0	0	0	0	0	0	0	0	0	0	0	0	0	0	0	0	0	0	0	0	0	0	0	0	0	0	0	0	0	0	0	0	0	0	0	0	0	0	0	0	0	0	0	0	0	0	0	0	0	0	0	0	0	0	0	0	0	0	0	0	0	0	0	0	0	0	0	0	0	0	0	0	0	0	0	0	0	0	0	0	0	0	0	0	0	0	0	0	0	0	0	0	0	0	0	0	0	0	0	0	0	0	0	0	0	0	0	0
manganese_respiration	0	0	0	0	0	0	0	0	0	0	0	0	0	0	0	0	0	0	0	0	0	0	0	0	0	0	0	0	0	0	0	0	0	0	0	0	0	0	0	0	0	0	0	0	0	0	0	0	0	0	0	0	0	0	0	0	0	0	0	0	0	0	0	0	0	0	0	0	0	0	0	0	0	0	0	0	0	0	0	0	0	0	0	0	0	0	0	0	0	0	0	0	0	0	0	0	0	0	0	0	0	0	0	0	0	0	0	0	0	0	0	0	0	0	0	0	0	0	0	0	0	0	0	0	0	0	0	0	0	0	0	0	0	0	0	0	0	0	0	0	0	0	0	0	0	0	0	0	0	0	0	0	0	0	0	0	0	0	0	0	0	0	0	0	0	0	0	0	0	0	0	0	0	0	0	0	0	0	0	0	0	0	0	0	0	0	0	0	0	0	0	0	0	0	0	0	0	0	0	0	0	0	0	0	0	0	0	0	0	0	0	0	0	0	0	0	0	0	0	0	0	0	0	0	0	0	0	0	0	0	0	0	0	0	0	0	0	0	0	0	0	0	0	0	0	0	0	0	0	0	0	0	0	0	0	0	0	0	0	0	0	0	0	0	0	0	0	0	0	0	0	0	0	0	0	0	0	0
ligninolysis	0	0	0	0	0	0	0	0	0	0	0	0	0	0	0	0	0	0	0	0	0	0	0	0	0	0	0	0	0	0	0	0	0	0	0	0	0	0	0	0	0	0	0	0	0	0	0	0	0	0	0	0	0	0	0	0	0	0	0	0	0	0	0	0	0	0	0	0	0	0	0	0	0	0	0	0	0	0	0	0	0	0	0	0	0	0	0	0	0	0	0	0	0	0	0	0	0	0	0	0	0	0	0	0	0	0	0	0	0	0	0	0	0	0	0	0	0	0	0	0	0	0	0	0	0	0	0	0	0	0	0	0	0	0	0	0	0	0	0	0	0	0	0	0	0	0	0	0	0	0	0	0	0	0	0	0	0	0	0	0	0	0	0	0	0	0	0	0	0	0	0	0	0	0	0	0	0	0	0	0	0	0	0	0	0	0	0	0	0	0	0	0	0	0	0	0	0	0	0	0	0	0	0	0	0	0	0	0	0	0	0	0	0	0	0	0	0	0	0	0	0	0	0	0	0	0	0	0	0	0	0	0	0	0	0	0	0	0	0	0	0	0	0	0	0	0	0	0	0	0	0	0	0	0	0	0	0	0	0	0	0	0	0	0	0	0	0	0	0	0	0	0	0	0	0	0	0	0
fermentation	1	4	0	1	1	1	2	1	0	2	1	0	16	42	28	32	35	26	84	37	47	4	21	6	14	1	3	2	5	7	0	1	0	1	1	0	7	5	588	576	12	10	6	7	5	5	5	21	27	3	3	3	1	17	4	9	13	14	4	7	7	16	20	0	15	0	2	4	0	7	10	2	0	2	0	2	0	0	0	0	0	2	365	205	294	15	3	8	3	13	8	22	8	7	13	7	20	14	5	10	6	0	8	14	7	9	5	2	9	2	8	5	7	13	4	9	0	0	4	0	0	0	0	0	0	0	0	0	0	0	0	2	1	2	4	0	0	1	1	0	0	0	0	0	2	1	1	9	10	5	4	0	6	1	9	49	30	31	38	0	2	2	1	0	0	326	284	269	2	1	0	1	0	0	217	278	114	925	183	472	868	106	1279	201	770	243	18	33	26	4	5	2	0	0	1	0	0	0	0	2	0	1	1	3	0	0	1	0	0	1	0	0	1	0	0	0	0	10	0	2	1	2	1	5	6	8	4	4	5	2	3	7	8	0	0	460	0	0	6	77	45	21	30	77	42	95	45	72	0	1	1	0	917	119	121	180	636	303	158	4	8	4	21	1	7	15	15	5	6	9	2	2	4	2	1	1	1	1
aerobic_chemoheterotrophy	347	225	345	481	312	296	177	166	184	192	216	154	645	440	164	396	760	293	416	357	403	171	340	197	278	236	90	131	170	241	76	80	99	125	149	144	231	219	786	778	220	187	149	186	1231	513	369	290	298	284	99	86	141	29	155	172	153	277	233	179	134	235	298	455	221	255	187	155	150	99	480	316	230	179	156	332	39	350	211	126	95	767	679	792	612	146	142	140	740	739	797	536	520	941	1337	557	443	659	908	569	567	916	844	979	509	1081	470	1281	838	977	805	876	975	593	1008	215	186	142	234	231	165	534	542	454	586	663	564	529	596	444	544	186	180	233	270	231	226	234	394	321	285	239	322	247	332	224	408	411	395	244	314	217	247	190	180	460	856	604	623	561	220	296	443	448	342	1204	1392	995	158	177	101	63	208	77	203	343	169	135	151	140	88	243	150	129	130	240	381	460	448	297	209	138	82	101	134	164	155	130	105	70	91	99	116	151	152	127	105	140	105	164	116	202	119	195	237	165	200	132	199	357	159	493	549	608	469	445	573	489	449	388	401	490	467	192	303	521	267	132	234	179	169	228	177	155	158	231	188	191	356	514	287	349	246	298	152	250	849	250	144	152	206	233	328	263	305	412	285	264	218	186	289	180	260	153	223	203	173	118
invertebrate_parasites	0	0	0	0	0	0	0	0	0	0	0	0	0	0	0	0	0	0	0	0	0	0	0	0	0	0	0	0	0	0	0	0	0	0	0	0	0	0	0	0	0	0	0	0	0	0	0	0	0	0	0	0	0	0	0	0	0	0	0	0	0	0	0	0	0	0	0	0	0	0	0	0	0	0	0	0	0	0	0	0	0	0	0	0	0	0	0	0	0	0	0	0	0	0	0	0	0	0	0	0	0	0	0	0	0	0	0	0	0	0	0	0	0	0	0	0	0	0	0	0	0	0	0	0	0	0	0	0	0	0	0	0	0	0	0	0	0	0	0	0	0	0	0	0	0	0	0	0	0	0	0	0	0	0	0	0	0	0	0	0	0	0	0	0	0	0	0	0	0	0	0	0	0	0	0	0	0	0	0	0	0	0	0	0	0	0	0	0	0	0	0	0	0	0	0	0	0	0	0	0	0	0	0	0	0	0	0	0	0	0	0	0	0	0	0	0	0	0	0	0	0	0	0	0	0	0	0	0	0	0	0	0	0	0	0	0	0	0	0	0	0	0	0	0	0	0	0	0	0	0	0	0	0	0	0	0	0	0	0	0	0	0	0	0	0	0	0	0	0	0	0	0	0	0	0	0	0	0
human_pathogens_septicemia	0	0	0	0	0	0	0	0	0	0	0	0	0	0	0	0	0	0	0	0	0	0	0	0	0	0	0	0	0	0	0	0	0	0	0	0	0	0	0	0	0	0	0	0	0	0	0	0	0	0	0	0	0	0	0	0	0	0	0	0	0	0	0	0	0	0	0	0	0	0	0	0	0	0	0	0	0	0	0	0	0	0	0	0	0	0	0	0	0	0	0	0	0	0	0	0	0	0	0	0	0	0	0	0	0	0	0	0	0	0	0	0	0	0	0	0	0	0	0	0	0	0	0	0	0	0	0	0	0	0	0	0	0	0	0	0	0	0	0	0	0	0	0	0	0	0	0	0	0	0	0	0	0	0	0	0	0	0	0	0	0	0	0	0	0	0	0	0	0	0	0	0	0	0	0	0	0	0	0	0	0	0	0	0	0	0	0	0	0	0	0	0	0	0	0	0	0	0	0	0	0	0	0	0	0	0	0	0	0	0	0	0	0	0	0	0	0	0	0	0	0	0	0	0	0	0	0	0	0	0	0	0	0	0	0	0	0	0	0	0	0	0	0	0	0	0	0	0	0	0	0	0	0	0	0	0	0	0	0	0	0	0	0	0	0	0	0	0	0	0	0	0	0	0	0	0	0	0
human_pathogens_pneumonia	0	0	0	0	0	0	0	0	0	0	0	0	0	0	0	0	0	0	0	0	0	0	0	0	0	0	0	0	0	0	0	0	0	0	0	0	0	0	0	0	0	0	0	0	0	0	0	0	0	0	0	0	0	0	0	0	0	0	0	0	0	0	0	0	0	0	0	0	0	0	0	0	0	0	0	0	0	0	0	0	0	0	0	0	0	0	0	0	0	0	0	0	0	0	0	0	0	0	0	0	0	0	0	0	0	0	0	0	0	0	0	0	0	0	0	0	0	0	0	0	0	0	0	0	0	0	0	0	0	0	0	0	0	0	0	0	0	0	0	0	0	0	0	0	0	0	0	0	0	0	0	0	0	0	0	0	0	0	0	0	0	0	0	0	0	0	0	0	0	0	0	0	0	0	0	0	0	0	0	0	0	0	0	0	0	0	0	0	0	0	0	0	0	0	0	0	0	0	0	0	0	0	0	0	0	0	0	0	0	0	0	0	0	0	0	0	0	0	0	0	0	0	0	0	0	0	0	0	0	0	0	0	0	0	0	0	0	0	0	0	0	0	0	0	0	0	0	0	0	0	0	0	0	0	0	0	0	0	0	0	0	0	0	0	0	0	0	0	0	0	0	0	0	0	0	0	0	0
human_pathogens_nosocomia	0	0	0	0	0	0	0	0	0	0	0	0	0	0	0	0	0	0	0	0	0	0	0	0	0	0	0	0	0	0	0	0	0	0	0	0	0	0	0	0	0	0	0	0	0	0	0	0	0	0	0	0	0	0	0	0	0	0	0	0	0	0	0	0	0	0	0	0	0	0	0	0	0	0	0	0	0	0	0	0	0	0	0	0	0	0	0	0	0	0	0	0	0	0	0	0	0	0	0	0	0	0	0	0	0	0	0	0	0	0	0	0	0	0	0	0	0	0	0	0	0	0	0	0	0	0	0	0	0	0	0	0	0	0	0	0	0	0	0	0	0	0	0	0	0	0	0	0	0	0	0	0	0	0	0	0	0	0	0	0	0	0	0	0	0	0	0	0	0	0	0	0	0	0	0	0	0	0	0	0	0	0	0	0	0	0	0	0	0	0	0	0	0	0	0	0	0	0	0	0	0	0	0	0	0	0	0	0	0	0	0	0	0	0	0	0	0	0	0	0	0	0	0	0	0	0	0	0	0	0	0	0	0	0	0	0	0	0	0	0	0	0	0	0	0	0	0	0	0	0	0	0	0	0	0	0	0	0	0	0	0	0	0	0	0	0	0	0	0	0	0	0	0	0	0	0	0	0
human_pathogens_meningitis	0	0	0	0	0	0	0	0	0	0	0	0	0	0	0	0	0	0	0	0	0	0	0	0	0	0	0	0	0	0	0	0	0	0	0	0	0	0	0	0	0	0	0	0	0	0	0	0	0	0	0	0	0	0	0	0	0	0	0	0	0	0	0	0	0	0	0	0	0	0	0	0	0	0	0	0	0	0	0	0	0	0	0	0	0	0	0	0	0	0	0	0	0	0	0	0	0	0	0	0	0	0	0	0	0	0	0	0	0	0	0	0	0	0	0	0	0	0	0	0	0	0	0	0	0	0	0	0	0	0	0	0	0	0	0	0	0	0	0	0	0	0	0	0	0	0	0	0	0	0	0	0	0	0	0	0	0	0	0	0	0	0	0	0	0	0	0	0	0	0	0	0	0	0	0	0	0	0	0	0	0	0	0	0	0	0	0	0	0	0	0	0	0	0	0	0	0	0	0	0	0	0	0	0	0	0	0	0	0	0	0	0	0	0	0	0	0	0	0	0	0	0	0	0	0	0	0	0	0	0	0	0	0	0	0	0	0	0	0	0	0	0	0	0	0	0	0	0	0	0	0	0	0	0	0	0	0	0	0	0	0	0	0	0	0	0	0	0	0	0	0	0	0	0	0	0	0	0
human_pathogens_gastroenteritis	0	0	0	0	0	0	0	0	0	0	0	0	0	0	0	0	0	0	0	0	0	0	0	0	0	0	0	0	0	0	0	0	0	0	0	0	0	0	0	0	0	0	0	0	0	0	0	0	0	0	0	0	0	0	0	0	0	0	0	0	0	0	0	0	0	0	0	0	0	0	0	0	0	0	0	0	0	0	0	0	0	0	0	0	0	0	0	0	0	0	0	0	0	0	0	0	0	0	0	0	0	0	0	0	0	0	0	0	0	0	0	0	0	0	0	0	0	0	0	0	0	0	0	0	0	0	0	0	0	0	0	0	0	0	0	0	0	0	0	0	0	0	0	0	0	0	0	0	0	0	0	0	0	0	0	0	0	0	0	0	0	0	0	0	0	0	0	0	0	0	0	0	0	0	0	0	0	0	0	0	0	0	0	0	0	0	0	0	0	0	0	0	0	0	0	0	0	0	0	0	0	0	0	0	0	0	0	0	0	0	0	0	0	0	0	0	0	0	0	0	0	0	0	0	0	0	0	0	0	0	0	0	0	0	0	0	0	0	0	0	0	0	0	0	0	0	0	0	0	0	0	0	0	0	0	0	0	0	0	0	0	0	0	0	0	0	0	0	0	0	0	0	0	0	0	0	0	0
human_pathogens_diarrhea	0	0	0	0	0	0	0	0	0	0	0	0	0	0	0	0	0	0	0	0	0	0	0	0	0	0	0	0	0	0	0	0	0	0	0	0	0	0	0	0	0	0	0	0	0	0	0	0	0	0	0	0	0	0	0	0	0	0	0	0	0	0	0	0	0	0	0	0	0	0	0	0	0	0	0	0	0	0	0	0	0	0	0	0	0	0	0	0	0	0	0	0	0	0	0	0	0	0	0	0	0	0	0	0	0	0	0	0	0	0	0	0	0	0	0	0	0	0	0	0	0	0	0	0	0	0	0	0	0	0	0	0	0	0	0	0	0	0	0	0	0	0	0	0	0	0	0	0	0	0	0	0	0	0	0	0	0	0	0	0	0	0	0	0	0	0	0	0	0	0	0	0	0	0	0	0	0	0	0	0	0	0	0	0	0	0	0	0	0	0	0	0	0	0	0	0	0	0	0	0	0	0	0	0	0	0	0	0	0	0	0	0	0	0	0	0	0	0	0	0	0	0	0	0	0	0	0	0	0	0	0	0	0	0	0	0	0	0	0	0	0	0	0	0	0	0	0	0	0	0	0	0	0	0	0	0	0	0	0	0	0	0	0	0	0	0	0	0	0	0	0	0	0	0	0	0	0	0
human_pathogens_all	1	1	1	1	0	0	0	0	0	0	0	0	0	0	0	0	0	0	0	0	0	0	0	0	0	0	0	0	0	0	0	0	0	0	0	0	1	1	0	0	0	0	0	0	1	1	2	0	0	0	2	2	3	0	0	0	0	1	0	0	0	0	0	0	0	0	0	0	2	0	2	0	2	0	1	0	1	5	3	0	3	3	0	0	0	0	0	0	0	0	1	0	22	11	5	11	28	20	16	14	17	9	13	17	8	10	18	18	4	8	0	81	15	12	29	3	0	0	0	0	0	0	0	0	0	0	0	0	0	0	0	1	0	0	0	0	0	0	2	2	0	1	0	0	3	1	2	0	2	1	1	0	0	0	0	1	0	3	1	0	0	0	1	0	0	0	0	0	3	4	0	0	1	2	2	0	0	1	0	0	2	1	0	2	1	3	1	0	0	4	1	1	2	3	9	3	7	14	4	5	2	3	4	1	2	3	3	5	5	3	2	3	6	1	6	7	0	3	4	3	2	0	0	0	0	2	1	0	0	0	0	0	0	0	0	0	0	0	0	0	1	1	0	0	1	1	0	0	0	3	1	0	0	0	0	0	0	0	0	0	0	0	0	0	0	0	0	0	0	0	0	0	0	1	2	2	2	1
fish_parasites	0	0	0	0	0	0	0	0	0	0	0	0	0	0	0	0	0	0	0	0	0	0	0	0	0	0	0	0	0	0	0	0	0	0	0	0	0	0	0	0	0	0	0	0	0	0	0	0	0	0	0	0	0	0	0	0	0	0	0	0	0	0	0	0	0	0	0	0	0	0	0	0	0	0	0	0	0	0	0	0	0	0	0	0	0	0	0	0	0	0	0	0	0	0	0	0	0	0	0	0	0	0	0	0	0	0	0	0	0	0	0	0	0	0	0	0	0	0	0	0	0	0	0	0	0	0	0	0	0	0	0	0	0	0	0	0	0	0	0	0	0	0	0	0	0	0	0	0	0	0	0	0	0	0	0	0	0	0	0	0	0	0	0	0	0	0	0	0	0	0	0	0	0	0	0	0	0	0	0	0	0	0	0	0	0	0	0	0	0	0	0	0	0	0	0	0	0	0	0	0	0	0	0	0	0	0	0	0	0	0	0	0	0	0	0	0	0	0	0	0	0	0	0	0	0	0	0	0	0	0	0	0	0	0	0	0	0	0	0	0	0	0	0	0	0	0	0	0	0	0	0	0	0	0	0	0	0	0	0	0	0	0	0	0	0	0	0	0	0	0	0	0	0	0	0	0	0	0
human_gut	0	0	0	0	0	0	0	0	0	0	0	0	0	0	0	0	0	0	0	0	0	1	0	0	0	0	0	0	0	0	0	0	0	0	0	0	0	0	0	0	0	0	0	0	1	0	0	0	0	0	0	0	0	0	0	0	0	0	0	0	0	0	0	0	0	0	0	0	0	0	0	0	0	0	0	0	0	0	0	0	0	0	11	5	3	0	0	0	0	0	0	0	0	0	0	0	0	0	0	0	0	0	0	0	1	0	0	0	0	1	0	0	0	0	0	0	0	0	0	0	0	0	0	0	0	0	0	0	0	0	0	0	0	0	0	0	0	0	0	0	0	0	0	0	0	0	0	0	0	0	0	0	0	0	0	0	0	1	0	0	0	0	0	0	0	0	0	0	0	0	0	0	0	0	0	0	0	3	0	0	8	0	1	0	1	0	0	0	0	0	0	0	0	0	0	0	0	0	0	0	0	0	0	0	0	0	0	0	0	0	0	0	0	0	0	0	0	0	0	0	0	0	0	0	0	0	0	0	0	0	0	0	0	0	0	0	0	0	0	0	0	0	0	6	0	0	0	0	0	0	0	0	0	0	0	0	0	0	0	0	0	0	0	0	0	0	0	0	0	0	0	0	0	0	0	0	0	0
human_associated	1	1	1	1	0	0	0	0	0	0	0	0	0	0	0	0	0	0	0	0	0	1	0	0	0	0	0	0	0	0	0	0	0	0	0	0	1	1	0	0	0	0	0	0	2	1	2	0	0	0	2	2	3	0	0	0	0	1	0	0	0	0	0	0	0	0	0	0	2	0	2	0	2	0	1	0	1	5	3	0	3	3	11	5	3	0	0	0	0	0	1	0	22	11	5	11	28	20	16	14	17	9	13	17	9	10	18	18	4	9	0	81	15	12	29	3	0	0	0	0	0	0	0	0	0	0	0	0	0	0	0	1	0	0	0	0	0	0	2	2	0	1	0	0	3	1	2	0	2	1	1	0	0	0	0	1	0	4	1	0	0	0	1	0	0	0	0	0	3	4	0	0	1	2	2	0	0	4	0	0	10	1	1	2	2	3	1	0	0	4	1	1	2	3	9	3	7	14	4	5	2	3	4	1	2	3	3	5	5	3	2	3	6	1	6	7	0	3	4	3	2	0	0	0	0	2	1	0	0	0	0	0	0	0	0	0	0	0	0	0	1	1	0	6	1	1	0	0	0	3	1	0	0	0	0	0	0	0	0	0	0	0	0	0	0	0	0	0	0	0	0	0	0	1	2	2	2	1
mammal_gut	0	0	0	0	0	0	0	0	0	0	0	0	0	0	0	0	0	0	0	0	0	1	0	0	0	0	0	0	0	0	0	0	0	0	0	0	0	0	0	0	0	0	0	0	1	0	0	0	0	0	0	0	0	0	0	0	0	0	0	0	0	0	0	0	0	0	0	0	0	0	0	0	0	0	0	0	0	0	0	0	0	0	11	5	3	0	0	0	0	0	0	0	0	0	0	0	0	0	0	0	0	0	0	0	1	0	0	0	0	1	0	0	0	0	0	0	0	0	0	0	0	0	0	0	0	0	0	0	0	0	0	0	0	0	0	0	0	0	0	0	0	0	0	0	0	0	0	0	0	0	0	0	0	0	0	0	0	1	0	0	0	0	0	0	0	0	0	0	0	0	0	0	0	0	0	0	0	3	0	0	8	0	1	0	1	0	0	0	0	0	0	0	0	0	0	0	0	0	0	0	0	0	0	0	0	0	0	0	0	0	0	0	0	0	0	0	0	0	0	0	0	0	0	0	0	0	0	0	0	0	0	0	0	0	0	0	0	0	0	0	0	0	0	6	0	0	0	0	0	0	0	0	0	0	0	0	0	0	0	0	0	0	0	0	0	0	0	0	0	0	0	0	0	0	0	0	0	0
animal_parasites_or_symbionts	2	1	1	3	1	2	36	14	19	31	6	15	91	23	663	25	49	6	15	11	12	5	11	8	12	8	2	15	19	12	10	6	8	7	25	17	13	14	12	6	21	20	30	18	77	34	29	0	0	0	2	2	3	0	0	1	0	1	0	0	0	0	1	0	0	1	0	0	2	0	3	3	3	0	1	1	1	5	3	0	3	4	26	254	73	0	0	0	0	0	2	10	24	11	8	12	30	21	17	16	18	9	13	21	10	10	19	20	5	9	3	82	15	16	30	5	0	2	1	7	4	2	1	4	2	6	0	0	3	5	8	2	0	1	3	0	1	0	5	2	1	4	3	2	3	1	3	0	2	1	1	1	0	0	1	12	7	9	6	0	1	4	1	1	3	0	0	0	3	4	0	0	1	2	31	57	17	38	43	216	55	30	57	8	52	40	1	0	0	4	1	1	2	4	10	3	8	14	4	5	2	4	4	1	3	3	3	5	5	3	3	3	7	1	6	7	0	3	4	3	3	0	0	0	0	2	1	0	0	0	0	0	0	0	1	12	0	32	0	7	2	2	6	31	8	15	0	0	1	4	2	3	5	0	3	1	5	5	1	1	1	2	1	0	0	0	0	0	0	0	0	4	0	1	2	2	2	1
plant_pathogen	0	0	0	0	0	0	0	0	0	0	0	0	0	0	0	0	0	0	0	0	0	0	0	0	0	0	0	0	0	0	0	0	0	0	0	0	0	0	0	0	0	0	0	0	0	0	0	0	0	0	0	0	0	0	0	0	0	0	0	0	0	0	0	0	0	0	0	0	0	0	0	0	0	0	0	0	0	0	0	0	0	0	0	0	0	0	0	0	0	0	0	0	0	0	0	0	0	0	0	0	0	0	0	0	0	0	0	0	0	0	0	0	0	0	0	0	0	0	0	0	0	0	0	0	0	0	0	0	0	0	0	0	0	0	0	0	0	0	0	0	0	0	0	0	0	0	0	0	0	0	0	0	0	0	0	0	0	0	0	0	0	0	0	0	0	0	0	0	0	0	0	0	0	0	0	0	0	0	0	0	0	0	0	0	0	0	0	0	0	0	0	0	0	0	0	0	0	0	0	0	0	0	0	0	0	0	0	0	0	0	0	0	0	0	0	0	0	0	0	0	0	0	0	0	0	0	0	0	0	0	0	0	0	0	0	0	0	0	0	0	0	0	0	0	0	0	0	0	0	0	0	0	0	0	0	0	0	0	0	0	0	0	0	0	0	0	0	0	0	0	0	0	0	0	0	0	0	0
oil_bioremediation	0	0	0	0	0	0	0	0	0	0	0	0	0	0	0	0	0	0	0	0	0	0	0	0	0	0	0	0	0	0	0	0	0	0	0	0	0	0	0	0	0	0	0	0	0	0	0	0	0	0	0	0	0	0	0	0	0	0	0	0	0	0	0	0	0	0	0	0	0	0	0	0	0	0	0	0	0	0	0	0	0	0	0	0	0	0	0	0	0	0	0	0	0	0	0	0	0	0	0	0	0	0	0	0	0	0	0	0	0	0	0	0	0	0	0	0	0	0	0	0	0	0	0	0	0	0	0	0	0	0	0	0	0	0	0	0	0	0	0	0	0	0	0	0	0	0	0	0	0	0	0	0	0	0	0	0	0	0	0	0	0	0	0	0	0	0	0	0	0	0	0	0	0	0	0	0	0	0	0	0	0	0	0	0	0	0	0	0	0	0	0	0	0	0	0	0	0	0	0	0	0	0	0	0	0	0	0	0	0	0	0	0	0	0	0	0	0	0	0	0	0	0	0	0	0	0	0	0	0	0	0	0	0	0	0	0	0	0	0	0	0	0	0	0	0	0	0	0	0	0	0	0	0	0	0	0	0	0	0	0	0	0	0	0	0	0	0	0	0	0	0	0	0	0	0	0	0	0
aromatic_hydrocarbon_degradation	0	0	0	0	0	0	0	0	0	0	0	0	0	0	0	0	0	0	0	0	0	0	0	0	0	0	0	0	0	0	0	0	0	0	0	0	0	0	0	0	0	0	0	0	0	0	0	0	0	0	0	0	0	0	0	0	0	0	0	0	0	0	0	0	0	0	0	0	0	0	0	0	0	0	0	0	0	0	0	0	0	0	0	0	0	0	0	0	0	0	0	0	0	0	0	0	0	0	0	0	0	0	0	0	0	0	0	0	0	0	0	0	0	0	0	0	0	0	0	0	0	0	0	0	0	0	0	0	0	0	0	0	0	0	0	0	0	0	0	0	0	0	0	0	0	0	0	0	0	0	0	0	0	0	0	0	0	0	0	0	0	0	0	0	0	0	0	0	0	0	0	0	0	0	0	0	0	0	0	0	0	0	0	0	0	0	0	0	0	0	0	0	0	0	0	0	0	0	0	0	0	0	0	0	0	0	0	0	0	0	0	0	0	0	0	0	0	0	0	0	0	0	0	0	0	0	0	0	0	0	0	0	0	0	0	0	0	0	0	0	0	0	0	0	0	0	0	0	0	0	0	0	0	0	0	0	0	0	0	0	0	0	0	0	0	0	0	0	0	0	0	0	0	0	0	0	0	0
aromatic_compound_degradation	2	1	0	39	3	2	0	0	1	0	0	0	123	224	2	142	505	49	142	125	113	15	102	29	75	0	1	11	11	36	0	0	0	0	1	0	1	0	6	3	9	21	11	22	1005	199	148	5	2	4	1	0	3	0	0	3	1	12	7	3	2	0	1	0	27	0	0	1	1	1	9	3	0	1	0	2	0	0	0	0	1	5	2	3	5	1	5	3	0	1	2	5	0	0	0	3	0	4	0	0	1	15	5	0	6	0	41	2	15	3	19	0	0	0	0	0	1	0	0	0	0	0	0	2	36	4	28	0	0	0	21	0	0	0	1	0	1	1	6	1	1	0	0	0	22	23	44	0	1	0	0	0	14	8	0	0	0	0	0	2	0	1	0	0	0	0	0	0	0	0	0	0	0	0	0	0	1	1	0	2	1	0	0	1	1	0	82	144	129	63	47	7	1	0	0	0	0	0	0	0	1	0	0	0	0	0	0	0	0	0	6	40	1	0	0	0	1	0	0	1	0	19	8	26	33	32	22	10	14	7	23	13	19	0	0	0	0	0	0	0	3	1	5	0	0	0	0	0	1	0	1	0	15	3	3	6	10	5	1	0	3	0	6	7	5	0	0	0	0	0	3	3	1	0	0	1	0	0
aliphatic_non_methane_hydrocarbon_degradation	0	0	0	0	0	0	0	0	0	0	0	0	0	0	0	0	0	0	0	0	0	0	0	0	0	0	0	0	0	0	0	0	0	0	0	0	0	0	0	0	0	0	0	0	0	0	0	0	0	0	0	0	0	0	0	0	0	0	0	0	0	0	0	0	0	0	0	0	0	0	0	0	0	0	0	0	0	0	0	0	0	0	0	0	0	0	0	0	0	0	0	0	0	0	0	0	0	0	0	0	0	0	0	0	0	0	0	0	0	0	0	0	0	0	0	0	0	0	0	0	0	0	0	0	0	0	0	0	0	0	0	0	0	0	0	0	0	0	0	0	0	0	0	0	0	0	0	0	0	0	0	0	0	0	0	0	0	0	0	0	0	0	0	0	0	0	0	0	0	0	0	0	0	0	0	0	0	0	0	0	0	0	0	0	0	0	0	0	0	0	0	0	0	0	0	0	0	0	0	0	0	0	0	0	0	0	0	0	0	0	0	0	0	0	0	0	0	0	0	0	0	0	0	0	0	0	0	0	0	0	0	0	0	0	0	0	0	0	0	0	0	0	0	0	0	0	0	0	0	0	0	0	0	0	0	0	0	0	0	0	0	0	0	0	0	0	0	0	0	0	0	0	0	0	0	0	0	0
hydrocarbon_degradation	0	0	1	1	0	0	0	0	0	0	0	0	0	0	0	0	0	0	0	0	0	0	0	0	0	1	0	0	0	0	0	0	0	0	1	0	0	1	0	0	0	0	0	0	0	0	0	0	0	0	0	0	0	0	0	0	0	0	0	0	0	0	0	0	0	0	0	0	0	0	0	0	0	0	0	0	1	0	0	0	0	3	0	4	3	0	0	0	5	9	6	5	0	0	0	0	0	0	0	0	0	0	0	0	0	0	0	0	0	0	0	0	0	0	0	0	0	0	0	0	0	0	0	0	0	0	0	0	0	0	0	0	0	0	0	0	0	0	0	0	0	0	0	0	0	0	0	0	0	0	0	1	0	0	0	0	0	0	0	0	0	0	0	0	0	2	8	2	0	0	0	0	0	0	0	0	0	0	0	144	0	0	0	0	0	0	0	0	0	0	0	0	0	0	0	0	0	0	0	0	0	0	0	0	0	0	0	0	0	0	0	0	0	0	0	0	0	0	0	0	0	2	4	4	2	1	4	5	6	1	3	2	3	0	0	0	0	0	0	0	0	0	0	0	0	0	0	0	0	0	0	0	0	2	1	0	0	0	0	0	0	0	4	3	4	0	0	1	0	0	0	0	0	0	0	0	0	0
dark_iron_oxidation	0	0	0	0	0	0	0	0	0	0	0	0	0	0	0	0	0	0	0	0	0	0	0	0	0	0	0	0	0	0	0	0	0	0	0	0	0	0	0	0	0	0	0	0	0	0	0	0	0	0	0	0	0	0	0	0	0	0	0	0	0	0	0	0	0	0	0	0	0	0	0	0	0	0	0	0	0	0	0	0	0	0	0	0	0	0	0	0	0	0	0	0	0	0	0	0	0	0	0	0	0	0	0	0	0	0	0	0	0	0	0	0	0	0	0	0	0	0	0	0	0	0	0	0	0	0	0	0	0	0	0	0	0	0	0	0	0	0	0	0	0	0	0	0	0	0	0	0	0	0	0	0	0	0	0	0	0	0	0	0	0	0	0	0	0	0	0	0	0	0	0	0	0	0	0	0	0	0	0	0	0	0	0	0	0	0	0	0	0	0	0	0	0	0	0	0	0	0	0	0	0	0	0	0	0	0	0	0	0	0	0	0	0	0	0	0	0	0	0	0	0	0	0	0	0	0	0	0	0	0	0	0	0	0	0	0	0	0	0	0	0	0	0	0	0	0	0	0	0	0	0	0	0	0	0	0	0	0	0	0	0	0	0	0	0	0	0	0	0	0	0	0	0	0	0	0	0	0
iron_respiration	0	0	0	0	0	0	0	0	0	0	0	0	0	0	0	0	0	0	0	0	0	0	0	0	0	0	0	0	0	0	0	0	0	0	0	0	0	0	0	0	0	0	0	0	0	0	0	0	0	0	1	0	0	16	0	0	0	0	0	0	0	0	0	0	0	0	0	0	0	0	0	0	0	0	0	0	0	0	0	0	0	0	0	0	0	0	0	0	0	0	0	0	0	0	0	0	0	0	0	0	0	0	0	0	0	0	0	0	0	0	0	0	1	23	0	378	0	0	0	0	0	0	0	0	0	0	0	0	0	0	0	0	0	0	0	0	0	0	0	0	0	0	0	0	0	0	0	0	0	0	0	0	0	0	0	0	0	0	0	0	0	0	0	0	0	0	0	0	0	1	0	0	0	1	0	0	0	0	0	0	0	0	0	0	0	0	16	29	21	2	4	1	0	0	0	0	0	0	0	0	0	0	0	0	0	0	0	0	0	0	0	0	0	0	0	0	0	0	0	0	0	0	0	0	0	0	0	0	0	0	0	0	0	0	0	0	0	0	0	0	0	0	0	0	0	0	0	0	0	0	0	0	0	0	0	0	0	0	0	0	0	0	0	0	0	0	0	0	0	0	0	0	0	0	0	0	0	0
nitrate_respiration	2	0	16	12	20	17	42	16	22	31	10	19	91	23	655	25	49	7	15	11	12	5	11	14	12	12	3	17	19	11	14	6	10	10	27	20	19	18	8	4	15	11	27	14	83	39	38	66	74	80	15	5	16	11	10	10	11	11	7	10	5	19	12	21	0	2	5	6	4	0	3	4	8	2	3	1	1	0	1	0	0	157	156	149	127	11	7	6	94	145	107	71	0	0	1	0	1	3	0	0	0	0	0	0	0	0	0	0	0	0	0	0	0	0	0	0	2	8	1	19	5	2	16	4	2	11	0	0	32	7	9	3	2	6	6	4	6	4	8	5	4	7	6	8	78	49	36	51	45	30	33	38	38	8	13	4	8	4	6	1	4	7	2	7	7	0	0	0	2	1	1	1	9	1	1	2	4	19	0	2	7	7	13	2	8	3	7	3	5	11	16	15	3	4	3	2	5	3	3	3	4	5	2	2	9	3	0	2	3	0	2	0	1	2	1	1	4	1	1	0	2	43	73	52	52	40	51	82	47	43	30	48	37	5	4	13	4	2	3	6	1	3	5	5	2	13	5	9	16	8	13	17	20	35	25	14	14	17	15	7	12	16	42	31	23	3	1	2	7	8	23	19	12	0	1	0	0	1
nitrate_reduction	9	4	26	30	22	19	46	19	25	38	16	24	379	46	656	47	69	11	18	16	21	11	19	17	15	13	4	22	34	14	14	8	13	14	28	21	19	19	9	6	15	13	31	14	89	45	50	66	74	81	15	5	18	11	10	13	11	11	7	11	5	19	12	21	0	2	7	7	4	0	4	5	8	2	3	1	1	0	1	0	0	162	171	158	152	11	7	7	254	241	273	196	43	0	2	21	4	5	0	23	20	25	14	9	43	3	27	38	1	0	3	17	301	7	204	0	3	12	1	27	8	21	23	14	10	14	2	13	40	20	21	15	25	33	73	6	8	5	18	14	7	11	16	11	88	51	37	55	53	34	41	41	41	8	15	4	8	4	6	19	6	21	112	25	11	0	0	0	2	1	2	1	9	1	55	79	24	19	19	7	7	9	16	8	11	39	10	6	9	11	16	16	3	5	3	2	5	3	3	5	4	5	2	2	9	3	0	2	3	1	2	1	2	2	1	1	7	11	1	0	3	101	116	101	85	66	84	131	104	115	75	88	72	14	24	109	18	5	6	40	7	30	18	28	20	24	5	9	28	22	27	28	21	35	26	22	19	18	15	33	38	33	117	43	50	5	3	11	12	19	40	67	49	0	1	0	1	2
nitrogen_respiration	2	0	16	12	20	17	42	16	22	31	10	19	91	23	655	25	49	7	15	11	12	5	11	14	12	12	3	17	19	11	14	6	10	10	27	20	19	18	8	4	15	11	27	14	83	39	38	66	74	80	15	5	16	11	10	10	11	11	7	10	5	19	12	21	0	2	5	6	4	0	3	4	8	2	3	1	1	0	1	0	0	157	156	149	127	11	7	6	94	145	107	71	0	0	1	0	1	3	0	0	0	0	0	0	0	0	0	0	0	0	0	0	0	0	0	0	2	8	1	19	5	2	16	4	2	11	0	0	32	7	9	3	2	6	6	4	6	4	8	5	4	7	6	8	78	49	36	51	45	30	33	38	38	8	13	4	8	4	6	1	4	7	2	7	7	0	0	0	2	1	1	1	9	1	1	2	4	19	0	2	7	7	13	2	8	3	7	3	5	11	16	15	3	4	3	2	5	3	3	3	4	5	2	2	9	3	0	2	3	0	2	0	1	2	1	1	4	1	1	0	2	43	73	52	52	40	51	82	47	43	30	48	37	5	4	13	4	2	3	6	1	3	5	5	2	13	5	9	16	8	13	17	20	35	25	14	14	17	15	7	12	16	42	31	23	3	1	2	7	8	23	19	12	0	1	0	0	1
fumarate_respiration	0	0	0	0	0	0	0	0	0	0	0	0	0	0	0	0	0	0	0	0	0	0	0	0	0	0	0	0	0	0	0	0	0	0	0	0	0	0	0	0	0	0	0	0	0	0	0	0	0	0	0	0	0	0	0	0	0	0	0	0	0	0	0	0	0	0	0	0	0	0	0	0	0	0	0	0	0	0	0	0	0	0	0	0	0	0	0	0	0	0	0	0	0	0	0	0	0	0	0	0	0	0	0	0	0	0	0	0	0	0	0	0	0	0	0	0	0	0	0	0	0	0	0	0	0	0	0	0	0	0	0	0	0	0	0	0	0	0	0	0	0	0	0	0	0	0	0	0	0	0	0	0	0	0	0	0	0	0	0	0	0	0	0	0	0	0	0	0	0	0	0	0	0	0	0	0	0	0	0	0	0	0	0	0	0	0	0	0	0	0	0	0	0	0	0	0	0	0	0	0	0	0	0	0	0	0	0	0	0	0	0	0	0	0	0	0	0	0	0	0	0	0	0	0	0	0	0	0	0	0	0	0	0	0	0	0	0	0	0	0	0	0	0	0	0	0	0	0	0	0	0	0	0	0	0	0	0	0	0	0	0	0	0	0	0	0	0	0	0	0	0	0	0	0	0	0	0	0
intracellular_parasites	0	0	0	2	1	2	36	14	19	31	6	15	91	23	655	25	49	6	15	9	12	4	11	8	12	8	2	15	19	11	10	6	8	7	25	16	12	13	5	2	11	11	27	14	73	33	26	0	0	0	0	0	0	0	0	1	0	0	0	0	0	0	1	0	0	1	0	0	0	0	1	3	0	0	0	1	0	0	0	0	0	1	0	0	0	0	0	0	0	0	0	0	0	0	0	0	0	0	0	0	0	0	0	0	0	0	0	0	0	0	0	0	0	0	0	0	0	2	1	7	4	2	1	4	2	6	0	0	3	5	8	0	0	1	1	0	1	0	3	0	1	3	3	2	0	0	1	0	0	0	0	1	0	0	1	3	3	3	4	0	1	4	0	1	3	0	0	0	0	0	0	0	0	0	0	0	0	0	0	0	0	2	0	0	0	0	0	0	0	0	0	0	0	1	1	0	1	0	0	0	0	1	0	0	1	0	0	0	0	0	1	0	1	0	0	0	0	0	0	0	1	0	0	0	0	0	0	0	0	0	0	0	0	0	1	1483	2	41	14	3	1	1	5	3	1	9	0	0	1	1	1	3	5	0	3	1	5	2	1	1	1	2	1	0	0	0	0	0	0	0	0	4	0	0	0	0	0	0
chlorate_reducers	0	0	0	0	0	0	0	0	0	0	0	0	0	0	0	0	0	0	0	0	0	0	0	0	0	0	0	0	0	0	0	0	0	0	0	0	0	0	0	0	0	0	0	0	0	0	0	0	0	0	0	0	0	0	0	0	0	0	0	0	0	0	0	0	0	0	0	0	0	0	0	0	0	0	0	0	0	0	0	0	0	0	0	0	0	0	0	0	0	0	0	0	0	0	0	0	0	0	0	0	0	0	0	0	0	0	0	0	0	0	0	0	0	0	0	0	0	0	0	0	0	0	0	0	0	0	0	0	0	0	0	0	0	0	0	0	0	0	0	0	0	0	0	0	0	0	0	0	0	0	0	0	0	0	0	0	0	0	0	0	0	0	0	0	0	0	0	0	0	0	0	0	0	0	0	0	0	0	0	0	0	0	0	0	0	0	0	0	0	0	0	0	0	0	0	0	0	0	0	0	0	0	0	0	0	0	0	0	0	0	0	0	0	0	0	0	0	0	0	0	0	0	0	0	0	0	0	0	0	0	0	0	0	0	0	0	0	0	0	0	0	0	0	0	0	0	0	0	0	0	0	0	0	0	0	0	0	0	0	0	0	0	0	0	0	0	0	0	0	0	0	0	0	0	0	0	0	0
predatory_or_exoparasitic	4	0	4	5	0	0	7	4	6	11	5	5	290	23	1	28	23	6	5	6	9	4	7	4	6	1	2	6	15	3	0	2	3	2	2	3	1	2	0	2	0	4	6	2	7	6	13	1	2	0	5	1	6	0	2	2	2	2	3	4	1	5	0	1	2	0	0	1	0	2	8	1	0	0	0	3	1	4	8	13	4	11	16	19	18	4	2	1	12	15	16	5	43	20	50	21	2	0	3	23	21	31	11	15	46	36	25	37	1	0	1	15	303	4	203	2	0	3	0	5	1	0	0	2	5	1	0	0	7	7	6	0	0	0	0	2	1	0	1	1	1	0	1	2	0	1	1	4	19	1	3	5	1	1	0	0	3	1	1	1	4	0	0	0	0	0	0	0	0	0	2	0	1	0	1	0	2	1	1	1	4	2	1	1	2	2	2	0	0	0	1	0	0	1	1	2	0	1	3	0	1	1	1	0	5	3	1	0	1	0	0	1	3	2	0	0	4	3	1	2	0	5	2	1	7	4	6	3	4	1	4	3	4	1	6	0	0	0	2	1	3	4	2	4	2	7	6	2	5	2	3	4	0	0	0	1	0	0	0	7	2	2	2	5	3	0	0	1	2	2	0	1	1	2	0	0	2	0
chloroplasts	0	0	0	0	0	0	0	0	0	0	0	0	0	0	0	0	0	0	0	0	0	0	0	0	0	0	0	0	0	0	0	0	0	0	0	0	0	0	0	0	0	0	0	0	0	0	0	0	0	0	0	0	0	0	0	0	0	0	0	0	0	0	0	0	0	0	0	0	0	0	0	0	0	0	0	0	0	0	0	0	0	0	0	0	0	0	0	0	0	0	0	0	0	0	0	0	0	0	0	0	0	0	0	0	0	0	0	0	0	0	0	0	0	0	0	0	0	0	0	0	0	0	0	0	0	0	0	0	0	0	0	0	0	0	0	0	0	0	0	0	0	0	0	0	0	0	0	0	0	0	0	0	0	0	0	0	0	0	0	0	0	0	0	0	0	0	0	0	0	0	0	0	0	0	0	0	0	0	0	0	0	0	0	0	0	0	0	0	0	0	0	0	0	0	0	0	0	0	0	0	0	0	0	0	0	0	0	0	0	0	0	0	0	0	0	0	0	0	0	0	0	0	0	0	0	0	0	0	0	0	0	0	0	0	0	0	0	0	0	0	0	0	0	0	0	0	0	0	0	0	0	0	0	0	0	0	0	0	0	0	0	0	0	0	0	0	0	0	0	0	0	0	0	0	0	0	0	0
nonphotosynthetic_cyanobacteria	0	0	0	0	0	0	0	0	0	0	0	0	0	0	0	0	0	0	0	0	0	0	0	0	0	0	0	0	0	0	0	0	0	0	0	0	0	0	0	0	0	0	0	0	0	0	0	0	0	0	0	0	0	0	0	0	0	0	0	0	0	0	0	0	0	0	0	0	0	0	0	0	0	0	0	0	0	0	0	0	0	0	0	0	0	0	0	0	0	0	0	0	0	0	0	0	0	0	0	0	0	0	0	0	0	0	0	0	0	0	0	0	0	0	0	0	0	0	0	0	0	0	0	0	0	0	0	0	0	0	0	0	0	0	0	0	0	0	0	0	0	0	0	0	0	0	0	0	0	0	0	0	0	0	0	0	0	0	0	0	0	0	0	0	0	0	0	0	0	0	0	0	0	0	0	0	0	0	0	0	0	0	0	0	0	0	0	0	0	0	0	0	0	0	0	0	0	0	0	0	0	0	0	0	0	0	0	0	0	0	0	0	0	0	0	0	0	0	0	0	0	0	0	0	0	0	0	0	0	0	0	0	0	0	0	0	0	0	0	0	0	0	0	0	0	0	0	0	0	0	0	0	0	0	0	0	0	0	0	0	0	0	0	0	0	0	0	0	0	0	0	0	0	0	0	0	0	0
photosynthetic_cyanobacteria	0	0	0	0	0	0	0	0	0	0	0	0	0	0	0	0	0	0	0	0	0	0	0	0	0	0	0	0	0	0	0	0	0	0	0	0	0	0	0	0	0	0	0	0	0	0	0	0	0	0	0	0	0	0	0	0	0	0	0	0	0	0	0	0	0	0	0	0	0	0	0	0	0	0	0	0	0	0	0	0	0	0	0	0	0	0	0	0	0	0	0	0	0	0	0	0	0	0	0	0	0	0	0	0	0	0	0	0	0	0	0	0	0	0	0	0	0	0	0	0	0	0	0	0	0	0	0	0	0	0	0	0	0	0	0	0	0	0	0	0	0	0	0	0	0	0	0	0	0	0	0	0	0	0	0	0	0	0	0	0	0	0	0	0	0	0	0	0	0	0	0	0	0	0	0	0	0	0	0	0	0	0	0	0	0	0	0	0	0	0	0	0	0	0	0	0	0	0	0	0	0	0	0	0	0	0	0	0	0	0	0	0	0	0	0	0	0	0	0	0	0	0	0	0	0	0	0	0	0	0	0	0	0	0	0	0	0	0	0	0	0	0	0	0	0	0	0	0	0	0	0	0	0	0	0	0	0	0	0	0	0	0	0	0	0	0	0	0	0	0	0	0	0	0	0	0	0	0
anoxygenic_photoautotrophy_H2_oxidizing	0	0	0	0	0	0	0	0	0	0	0	0	0	0	0	0	0	0	0	0	0	0	0	0	0	0	0	0	0	0	0	0	0	0	0	0	0	0	0	0	0	0	0	0	0	0	0	0	0	0	0	0	0	0	0	0	0	0	0	0	0	0	0	0	0	0	0	0	0	0	0	0	0	0	0	0	0	0	0	0	0	0	0	0	0	0	0	0	0	0	0	0	0	0	0	0	0	0	0	0	0	0	0	0	0	0	0	0	0	0	0	0	0	0	0	0	0	0	0	0	0	0	0	0	0	0	0	0	0	0	0	0	0	0	0	0	0	0	0	0	0	0	0	0	0	0	0	0	0	0	0	0	0	0	0	0	0	0	0	0	0	0	0	0	0	0	0	0	0	0	0	0	0	0	0	0	0	0	0	0	0	0	0	0	0	0	0	0	0	0	0	0	0	0	0	0	0	0	0	0	0	0	0	0	0	0	0	0	0	0	0	0	0	0	0	0	0	0	0	0	0	0	0	0	0	0	0	0	0	0	0	0	0	0	0	0	0	0	0	0	0	0	0	0	0	0	0	0	0	0	0	0	0	0	0	0	0	0	0	0	0	0	0	0	0	0	0	0	0	0	0	0	0	0	0	0	0	0
anoxygenic_photoautotrophy_S_oxidizing	1	0	3	0	1	1	1	0	2	0	1	4	0	0	0	0	0	0	0	0	0	0	0	1	0	1	0	0	0	0	0	0	2	1	0	0	5	5	1	0	0	0	0	0	3	3	9	2	1	3	12	5	14	10	1	0	0	0	0	3	0	1	0	4	0	0	1	0	2	0	0	0	5	0	1	0	0	0	1	0	0	53	64	63	59	0	0	0	32	41	23	13	0	0	1	0	1	3	0	0	0	0	0	0	0	0	0	0	0	0	0	0	0	0	0	0	0	0	0	0	0	0	0	0	0	0	0	0	0	0	0	1	2	1	2	3	1	2	4	4	3	2	1	1	14	12	5	3	1	1	1	1	1	0	0	0	0	0	0	0	0	0	0	1	0	3	62	83	0	0	0	0	0	0	1	2	2	0	0	2	0	0	1	0	2	1	4	1	3	6	3	5	2	2	2	2	2	1	2	1	3	4	2	2	7	2	0	0	3	0	1	0	0	1	1	0	2	1	0	0	1	22	29	25	32	19	33	32	20	16	19	20	20	0	1	0	0	0	0	0	0	0	0	0	0	0	0	0	4	1	6	2	8	16	4	3	4	9	3	1	0	2	14	14	9	0	0	0	0	0	9	6	7	0	1	0	0	0
anoxygenic_photoautotrophy_Fe_oxidizing	0	0	0	0	0	0	0	0	0	0	0	0	0	0	0	0	0	0	0	0	0	0	0	0	0	0	0	0	0	0	0	0	0	0	0	0	0	0	0	0	0	0	0	0	0	0	0	0	0	0	0	0	0	0	0	0	0	0	0	0	0	0	0	0	0	0	0	0	0	0	0	0	0	0	0	0	0	0	0	0	0	0	0	0	0	0	0	0	0	0	0	0	0	0	0	0	0	0	0	0	0	0	0	0	0	0	0	0	0	0	0	0	0	0	0	0	0	0	0	0	0	0	0	0	0	0	0	0	0	0	0	0	0	0	0	0	0	0	0	0	0	0	0	0	0	0	0	0	0	0	0	0	0	0	0	0	0	0	0	0	0	0	0	0	0	0	0	0	0	0	0	0	0	0	0	0	0	0	0	0	0	0	0	0	0	0	0	0	0	0	0	0	0	0	0	0	0	0	0	0	0	0	0	0	0	0	0	0	0	0	0	0	0	0	0	0	0	0	0	0	0	0	0	0	0	0	0	0	0	0	0	0	0	0	0	0	0	0	0	0	0	0	0	0	0	0	0	0	0	0	0	0	0	0	0	0	0	0	0	0	0	0	0	0	0	0	0	0	0	0	0	0	0	0	0	0	0	0
anoxygenic_photoautotrophy	1	0	3	0	1	1	1	0	2	0	1	4	0	0	0	0	0	0	0	0	0	0	0	1	0	1	0	0	0	0	0	0	2	1	0	0	5	5	1	0	0	0	0	0	3	3	9	2	1	3	12	5	14	10	1	0	0	0	0	3	0	1	0	4	0	0	1	0	2	0	0	0	5	0	1	0	0	0	1	0	0	53	64	63	59	0	0	0	32	41	23	13	0	0	1	0	1	3	0	0	0	0	0	0	0	0	0	0	0	0	0	0	0	0	0	0	0	0	0	0	0	0	0	0	0	0	0	0	0	0	0	1	2	1	2	3	1	2	4	4	3	2	1	1	14	12	5	3	1	1	1	1	1	0	0	0	0	0	0	0	0	0	0	1	0	3	62	83	0	0	0	0	0	0	1	2	2	0	0	2	0	0	1	0	2	1	4	1	3	6	3	5	2	2	2	2	2	1	2	1	3	4	2	2	7	2	0	0	3	0	1	0	0	1	1	0	2	1	0	0	1	22	29	25	32	19	33	32	20	16	19	20	20	0	1	0	0	0	0	0	0	0	0	0	0	0	0	0	4	1	6	2	8	16	4	3	4	9	3	1	0	2	14	14	9	0	0	0	0	0	9	6	7	0	1	0	0	0
oxygenic_photoautotrophy	0	0	0	0	0	0	0	0	0	0	0	0	0	0	0	0	0	0	0	0	0	0	0	0	0	0	0	0	0	0	0	0	0	0	0	0	0	0	0	0	0	0	0	0	0	0	0	0	0	0	0	0	0	0	0	0	0	0	0	0	0	0	0	0	0	0	0	0	0	0	0	0	0	0	0	0	0	0	0	0	0	0	0	0	0	0	0	0	0	0	0	0	0	0	0	0	0	0	0	0	0	0	0	0	0	0	0	0	0	0	0	0	0	0	0	0	0	0	0	0	0	0	0	0	0	0	0	0	0	0	0	0	0	0	0	0	0	0	0	0	0	0	0	0	0	0	0	0	0	0	0	0	0	0	0	0	0	0	0	0	0	0	0	0	0	0	0	0	0	0	0	0	0	0	0	0	0	0	0	0	0	0	0	0	0	0	0	0	0	0	0	0	0	0	0	0	0	0	0	0	0	0	0	0	0	0	0	0	0	0	0	0	0	0	0	0	0	0	0	0	0	0	0	0	0	0	0	0	0	0	0	0	0	0	0	0	0	0	0	0	0	0	0	0	0	0	0	0	0	0	0	0	0	0	0	0	0	0	0	0	0	0	0	0	0	0	0	0	0	0	0	0	0	0	0	0	0	0
photoautotrophy	1	0	3	0	1	1	1	0	2	0	1	4	0	0	0	0	0	0	0	0	0	0	0	1	0	1	0	0	0	0	0	0	2	1	0	0	5	5	1	0	0	0	0	0	3	3	9	2	1	3	12	5	14	10	1	0	0	0	0	3	0	1	0	4	0	0	1	0	2	0	0	0	5	0	1	0	0	0	1	0	0	53	64	63	59	0	0	0	32	41	23	13	0	0	1	0	1	3	0	0	0	0	0	0	0	0	0	0	0	0	0	0	0	0	0	0	0	0	0	0	0	0	0	0	0	0	0	0	0	0	0	1	2	1	2	3	1	2	4	4	3	2	1	1	14	12	5	3	1	1	1	1	1	0	0	0	0	0	0	0	0	0	0	1	0	3	62	83	0	0	0	0	0	0	1	2	2	0	0	2	0	0	1	0	2	1	4	1	3	6	3	5	2	2	2	2	2	1	2	1	3	4	2	2	7	2	0	0	3	0	1	0	0	1	1	0	2	1	0	0	1	22	29	25	32	19	33	32	20	16	19	20	20	0	1	0	0	0	0	0	0	0	0	0	0	0	0	0	4	1	6	2	8	16	4	3	4	9	3	1	0	2	14	14	9	0	0	0	0	0	9	6	7	0	1	0	0	0
aerobic_anoxygenic_phototrophy	0	0	0	0	0	0	0	0	0	0	0	0	0	0	0	0	0	0	0	0	0	0	0	0	0	0	0	0	0	0	0	0	0	0	0	0	0	0	0	0	0	0	0	0	0	0	0	0	0	0	0	0	0	0	0	0	0	0	0	0	0	0	0	0	0	0	0	0	0	0	0	0	0	0	0	0	0	0	0	0	0	0	0	0	0	0	0	0	0	0	0	0	0	0	0	0	0	0	0	0	0	0	0	0	0	0	0	0	0	0	0	0	0	0	0	0	0	0	0	0	0	0	0	0	0	0	0	0	0	0	0	0	0	0	0	0	0	0	0	0	0	0	0	0	0	0	0	0	0	0	0	0	0	0	0	0	0	0	0	0	0	0	0	0	0	0	0	0	0	0	0	0	0	0	0	0	0	0	0	0	0	0	0	0	0	0	0	0	0	0	0	0	0	0	0	0	0	0	0	0	0	0	0	0	0	0	0	0	0	0	0	0	0	0	0	0	0	0	0	0	0	0	0	0	0	0	0	0	0	0	0	0	0	0	0	0	0	0	0	0	0	0	0	0	0	0	0	0	0	0	0	0	0	0	0	0	0	0	0	0	0	0	0	0	0	0	0	0	0	0	0	0	0	0	0	0	0	0
photoheterotrophy	2	4	30	15	16	19	3	7	5	5	3	9	0	0	2	0	0	0	0	0	0	0	0	1	0	12	0	0	0	0	2	0	3	2	3	4	8	9	1	0	0	0	0	0	6	4	11	6	2	6	13	5	14	10	1	0	2	0	1	3	1	1	0	8	0	7	6	0	5	3	5	1	12	4	2	0	1	8	10	2	4	56	67	66	64	0	0	0	55	71	63	34	34	3	13	11	45	9	13	16	4	15	15	21	4	9	7	16	4	8	2	84	5	59	35	1	2	0	1	1	2	4	7	0	1	2	2	2	3	1	4	11	7	12	11	7	2	5	13	11	9	7	3	3	17	21	8	6	1	3	4	1	3	7	2	22	17	58	46	0	1	2	1	2	0	0	2	1	1	4	0	0	3	2	1	4	2	0	0	3	0	1	4	3	4	1	24	101	67	9	6	10	10	7	13	9	8	14	10	6	9	9	9	10	15	10	8	8	16	10	1	4	10	10	13	8	5	9	12	4	6	36	47	35	40	28	43	37	27	22	30	27	37	1	9	3	7	3	1	0	0	0	0	0	0	4	0	0	14	9	16	14	8	20	4	10	5	11	3	1	0	2	35	33	20	5	0	13	7	16	29	12	10	4	6	14	5	2
phototrophy	2	4	30	15	16	19	3	7	5	5	3	9	0	0	2	0	0	0	0	0	0	0	0	1	0	12	0	0	0	0	2	0	3	2	3	4	8	9	1	0	0	0	0	0	6	4	11	6	2	6	13	5	14	10	1	0	2	0	1	3	1	1	0	8	0	7	6	0	5	3	5	1	12	4	2	0	1	8	10	2	4	56	67	66	64	0	0	0	55	71	63	34	34	3	13	11	45	9	13	16	4	15	15	21	4	9	7	16	4	8	2	84	5	59	35	1	2	0	1	1	2	4	7	0	1	2	2	2	3	1	4	11	7	12	11	7	2	5	13	11	9	7	3	3	17	21	8	6	1	3	4	1	3	7	2	22	17	58	46	0	1	2	1	2	0	3	64	84	1	4	0	0	3	2	1	4	2	0	0	3	0	1	4	3	4	1	24	101	67	9	6	10	10	7	13	9	8	14	10	6	9	9	9	10	15	10	8	8	16	10	1	4	10	10	13	8	5	9	12	4	6	36	47	35	40	28	43	37	27	22	30	27	37	1	9	3	7	3	1	0	0	0	0	0	0	4	0	0	14	9	16	14	8	20	4	10	5	11	3	1	0	2	35	33	20	5	0	13	7	16	29	12	10	4	6	14	5	2
plastic_degradation	0	0	0	0	0	0	0	0	0	0	0	0	0	0	0	0	0	0	0	0	0	0	0	0	0	0	0	0	0	0	0	0	0	0	0	0	0	0	0	0	0	0	0	0	0	0	0	0	0	0	0	0	0	0	0	0	0	0	0	0	0	0	0	0	0	0	0	0	0	0	0	0	0	0	0	0	0	0	0	0	0	0	0	0	0	0	0	0	0	0	0	0	0	0	0	0	0	0	0	0	0	0	0	0	0	0	0	0	0	0	0	0	0	0	0	0	0	0	0	0	0	0	0	0	0	0	0	0	0	0	0	0	0	0	0	0	0	0	0	0	0	0	0	0	0	0	0	0	0	0	0	0	0	0	0	0	0	0	0	0	0	0	0	0	0	0	0	0	0	0	0	0	0	0	0	0	0	0	0	0	0	0	0	0	0	0	0	0	0	0	0	0	0	0	0	0	0	0	0	0	0	0	0	0	0	0	0	0	0	0	0	0	0	0	0	0	0	0	0	0	0	0	0	0	0	0	0	0	0	0	0	0	0	0	0	0	0	0	0	0	0	0	0	0	0	0	0	0	0	0	0	0	0	0	0	0	0	0	0	0	0	0	0	0	0	0	0	0	0	0	0	0	0	0	0	0	0	0
ureolysis	7	11	15	12	6	11	2	5	1	3	1	0	3	0	0	0	0	2	0	0	2	4	4	0	3	3	10	1	1	6	2	0	1	1	1	1	7	4	4	8	2	4	4	9	6	9	19	36	31	25	16	11	13	1	1	0	1	1	1	0	0	0	0	2	4	1	0	4	7	2	7	5	3	2	2	2	8	107	26	42	11	38	23	24	20	0	0	0	42	40	53	22	56	45	29	21	42	66	45	32	96	187	140	87	81	129	44	50	19	46	30	96	46	101	60	19	3	0	2	8	2	10	26	10	10	15	17	10	20	7	15	11	19	15	21	13	10	9	15	20	12	13	16	14	42	22	22	1	4	1	2	0	0	1	0	7	3	6	3	5	8	11	2	13	23	0	0	0	6	11	2	0	6	4	3	19	3	2	32	20	3	4	3	8	7	16	34	25	10	474	52	28	10	10	16	19	14	22	10	12	5	8	8	2	6	11	15	14	11	5	10	15	14	6	9	12	9	7	7	13	6	13	25	28	25	26	20	22	14	17	20	30	27	11	25	4	7	0	7	0	2	2	3	1	2	1	0	0	15	14	10	12	3	6	4	17	4	6	0	5	6	8	15	23	15	1	1	10	5	7	18	18	20	6	5	6	4	5
reductive_acetogenesis	0	0	0	0	0	0	0	0	0	0	0	0	0	0	0	0	0	0	0	0	0	0	0	0	0	0	0	0	0	0	0	0	0	0	0	0	0	0	0	0	0	0	0	0	0	0	0	0	0	0	0	0	0	0	0	0	0	0	0	0	0	0	0	0	0	0	0	0	0	0	0	0	0	0	0	0	0	0	0	0	0	0	0	0	0	0	0	0	0	0	0	0	0	0	0	0	0	0	0	0	0	0	0	0	0	0	0	0	0	0	0	0	0	0	0	0	0	0	0	0	0	0	0	0	0	0	0	0	0	0	0	0	0	0	0	0	0	0	0	0	0	0	0	0	0	0	0	0	0	0	0	0	0	0	0	0	0	0	0	0	0	0	0	0	0	0	0	0	0	0	0	0	0	0	0	0	0	0	0	0	0	0	0	0	0	0	0	0	0	0	0	0	0	0	0	0	0	0	0	0	0	0	0	0	0	0	0	0	0	0	0	0	0	0	0	0	0	0	0	0	0	0	0	0	0	0	0	0	0	0	0	0	0	0	0	0	0	0	0	0	0	0	0	0	0	0	0	0	0	0	0	0	0	0	0	0	0	0	0	0	0	0	0	0	0	0	0	0	0	0	0	0	0	0	0	0	0	0
chemoheterotrophy	353	235	372	519	348	348	180	170	184	196	217	156	663	482	182	426	795	323	500	394	452	184	365	203	294	240	105	134	175	253	78	81	99	126	151	144	240	232	803	797	239	202	159	206	1257	621	423	318	327	297	108	92	151	47	175	186	167	289	241	201	142	256	328	464	242	278	196	172	172	112	497	321	246	194	161	336	40	350	211	126	95	803	1062	1031	946	166	149	161	783	808	862	578	528	948	1350	567	463	677	913	579	574	931	857	992	522	1090	516	1285	862	982	832	881	982	604	1011	224	191	152	239	239	168	695	820	675	924	990	1236	693	809	576	841	201	197	248	293	251	240	259	445	350	329	262	358	277	365	271	455	425	452	254	334	235	276	202	231	513	887	636	655	563	270	312	476	462	362	1532	1684	1266	164	178	102	66	210	77	405	594	286	1074	348	749	957	354	1370	352	901	483	422	522	515	772	257	157	94	105	142	173	165	133	120	74	99	106	134	166	177	140	114	143	113	183	141	233	144	210	249	190	229	160	213	402	192	507	577	638	507	490	617	522	479	406	428	533	506	203	351	686	302	156	260	257	212	257	220	235	205	332	206	225	375	530	299	373	1166	434	288	442	1496	576	306	221	318	275	394	330	379	435	307	286	231	202	414	249	410	189	246	221	191	139
unassigned	492	450	426	488	485	490	444	437	348	373	450	297	1983	2548	318	2318	4033	1223	2591	1450	3964	490	1851	939	766	396	380	810	930	737	435	469	539	494	403	415	424	345	371	390	457	664	662	568	818	585	824	1101	1206	1158	2050	2290	959	2610	268	336	251	257	277	283	261	248	265	486	649	321	385	410	403	399	1104	602	503	669	385	886	1730	964	905	1084	478	1977	2169	2131	2070	266	285	247	1878	2115	1652	1954	4431	3147	2813	5308	5987	4263	3060	5679	3631	4580	4503	2219	3809	2907	4957	3427	5073	5436	6155	4148	4125	5505	4040	7952	374	337	460	344	398	706	720	443	1145	564	1267	723	595	385	1116	311	256	308	344	323	287	343	285	257	248	301	361	312	892	765	715	783	884	757	706	613	668	535	553	1178	876	837	1084	678	277	274	406	372	383	5720	5738	5902	733	677	726	876	548	897	596	633	776	1342	957	1088	1897	819	1578	752	1298	700	1585	2260	1785	543	647	422	452	459	502	518	477	493	501	438	484	453	478	470	491	449	457	405	479	309	306	338	338	403	369	372	449	361	348	360	331	926	1013	1017	906	776	915	930	1082	967	863	893	895	193	255	1403	263	281	221	355	253	235	245	310	257	302	242	300	663	656	690	673	533	547	755	349	874	926	566	532	552	527	688	723	690	440	454	406	409	465	531	460	430	370	389	321	466	372
