Simpson,Shannon,Chao1,ACE,MAP,MAT,LAT,LON,Altitude,pH,SOC,N,BD,NDVI,AI,Acidobacteria,Actinobacteria,Proteobacteria,Verrucomicrobia,chemoheterotrophy,aerobic_chemoheterotrophy,xylanolysis
0.970465038,6.034257941,132,131.142781,224.4452479,3.436249244,41.783,111.9,1439,8.154545455,12.28700013,2.131000004,1.406818182,0.230591297,0.155652896,0.158633094,0.478057554,0.237769784,0.014388489,0.355918026,0.346716855,0.009201171
0.985561792,6.541553062,138.5,139.3695646,224.4452479,3.436249244,41.783,111.9,1439,8.154545455,12.28700013,2.131000004,1.406818182,0.230591297,0.155652896,0.307826695,0.354996506,0.186582809,0.048916841,0.367220903,0.353444181,0.013776722
0.98653137,6.57796369,140,138.9203928,224.4452479,3.436249244,41.783,111.9,1439,8.154545455,12.28700013,2.131000004,1.406818182,0.230591297,0.155652896,0.418396564,0.174302076,0.210808876,0.068002863,0.278718535,0.270938215,0.00778032
0.987050946,6.564321373,138,136.9193686,224.4452479,3.436249244,41.783,111.9,1439,8.154545455,12.28700013,2.131000004,1.406818182,0.230591297,0.155652896,0.370384765,0.178002332,0.242907112,0.059463661,0.25589391,0.249017682,0.006876228
0.987631088,6.647145313,138.6666667,138.630548,224.4452479,3.436249244,41.783,111.9,1439,8.154545455,12.28700013,2.131000004,1.406818182,0.230591297,0.155652896,0.3765119,0.143191572,0.242684354,0.076472883,0.271981243,0.263774912,0.008206331
0.987168074,6.627722225,139.375,139.8163076,410.2820248,2.34307178,42.01,116.16,1366,8.083367769,15.80799973,3.179000018,1.31839876,0.327047825,0.331401775,0.356979405,0.142639207,0.254385965,0.086956522,0.269430052,0.261139896,0.008290155
0.975461827,6.002279949,136.2307692,135.882574,410.2820248,2.34307178,42.01,116.16,1366,8.083367769,15.80799973,3.179000018,1.31839876,0.327047825,0.331401775,0.315339631,0.301394512,0.097165992,0.030589294,0.363216266,0.354898336,0.00831793
0.983474629,6.31246384,132.5,129.2781023,410.2820248,2.34307178,42.01,116.16,1366,8.083367769,15.80799973,3.179000018,1.31839876,0.327047825,0.331401775,0.398700771,0.220868859,0.143321153,0.047909054,0.3264166,0.318435754,0.007980846
0.986121739,6.517241543,137.5454545,138.1916068,410.2820248,2.34307178,42.01,116.16,1366,8.083367769,15.80799973,3.179000018,1.31839876,0.327047825,0.331401775,0.421717172,0.241582492,0.142255892,0.028619529,0.363960749,0.354148082,0.009812667
0.985358759,6.48698616,132,132.0033332,430.7606818,-0.471214351,37.2939,100.5836,3383,7.902164773,35.51308777,3.430000041,1.213655682,0.383673906,0.385488663,0.401266324,0.29244163,0.138899881,0.026909379,0.419642857,0.400892857,0.01875
0.981266401,6.293977957,140.6,139.6236356,430.7606818,-0.471214351,37.2939,100.5836,3383,7.902164773,35.51308777,3.430000041,1.213655682,0.383673906,0.385488663,0.302222222,0.382626263,0.109494949,0.031111111,0.4004914,0.395577396,0.004914005
0.975774671,6.202800105,134.5,133.8429208,430.7606818,-0.471214351,37.2939,100.5836,3383,7.902164773,35.51308777,3.430000041,1.213655682,0.383673906,0.385488663,0.532366824,0.15340526,0.090020229,0.122724208,0.388268156,0.388268156,0
0.967709281,5.505372372,77.5,78.20338689,430.7606818,-0.471214351,37.2939,100.5836,3383,7.902164773,35.51308777,3.430000041,1.213655682,0.383673906,0.385488663,0.328502415,0.367149758,0.102657005,0.014492754,0.406574394,0.394463668,0.012110727
0.95310859,4.982683261,68.5,74.079503,430.7606818,-0.471214351,37.2939,100.5836,3383,7.902164773,35.51308777,3.430000041,1.213655682,0.383673906,0.385488663,0.2406639,0.383817427,0.226141079,0.029045643,0.430769231,0.4,0.030769231
0.984990997,6.48348591,137.1428571,137.1356181,430.7606818,-0.471214351,37.2939,100.5836,3383,7.902164773,35.51308777,3.430000041,1.213655682,0.383673906,0.385488663,0.529865125,0.169942197,0.152986513,0.010019268,0.368721461,0.364155251,0.00456621
0.95858109,5.040207727,81,81.71017671,203.1431818,6.253857446,39.1864,100.715,1866,8.241095041,6.099999905,1.613200027,1.416696281,0.119456522,0.126339018,0.197930142,0.505821475,0.216041397,0.014230272,0.441237113,0.422680412,0.018556701
0.942494331,4.587334378,80,60.49584278,203.1431818,6.253857446,39.1864,100.715,1866,8.241095041,6.099999905,1.613200027,1.416696281,0.119456522,0.126339018,0.223809524,0.4,0.271428571,0.052380952,0.453658537,0.346341463,0.107317073
0.88304638,4.544746955,99.5,92.07616481,430.7606818,-0.471214351,37.2939,100.5836,3383,7.902164773,35.51308777,3.430000041,1.213655682,0.383673906,0.385488663,0.252265861,0.170694864,0.095669688,0.04632427,0.444444444,0.420634921,0.023809524
0.956561328,4.940263449,72.5,69.65388228,203.1431818,6.253857446,39.1864,100.715,1866,8.241095041,6.099999905,1.613200027,1.416696281,0.119456522,0.126339018,0.306620209,0.468641115,0.151567944,0.013937282,0.461538462,0.418461538,0.043076923
0.946156064,4.976804254,90,86.52387267,203.1431818,6.253857446,39.1864,100.715,1866,8.241095041,6.099999905,1.613200027,1.416696281,0.119456522,0.126339018,0.349483717,0.286735504,0.207307387,0.034948372,0.448943662,0.426056338,0.022887324
0.914291527,4.589114235,72,69.73734702,203.1431818,6.253857446,39.1864,100.715,1866,8.241095041,6.099999905,1.613200027,1.416696281,0.119456522,0.126339018,0.23180593,0.274932615,0.123989218,0.037735849,0.39010989,0.379120879,0.010989011
0.952650023,5.216124567,86.85714286,87.94696907,203.1431818,6.253857446,39.1864,100.715,1866,8.241095041,6.099999905,1.613200027,1.416696281,0.119456522,0.126339018,0.324961558,0.284469503,0.058431574,0.056381343,0.401394422,0.392430279,0.008964143
0.864042441,4.136074913,98,80.63826984,203.1431818,6.253857446,39.1864,100.715,1866,8.241095041,6.099999905,1.613200027,1.416696281,0.119456522,0.126339018,0.210526316,0.197368421,0.068559557,0.08033241,0.402912621,0.383495146,0.019417476
0.959795105,5.340638166,90.58333333,95.49079213,203.1431818,6.253857446,39.1864,100.715,1866,8.241095041,6.099999905,1.613200027,1.416696281,0.119456522,0.126339018,0.307273963,0.321549966,0.135961931,0.053025153,0.400513479,0.38254172,0.017971759
0.954599708,5.183847082,97.5,91.19412936,203.1431818,6.253857446,39.1864,100.715,1866,8.241095041,6.099999905,1.613200027,1.416696281,0.119456522,0.126339018,0.284466625,0.311291329,0.112289457,0.11852776,0.435064935,0.412987013,0.022077922
0.983836253,6.435648701,148,142.7858801,203.1431818,6.253857446,39.1864,100.715,1866,8.241095041,6.099999905,1.613200027,1.416696281,0.119456522,0.126339018,0.462514418,0.277201077,0.118031526,0.018069973,0.433488372,0.428837209,0.004651163
0.902855877,4.631352822,86.14285714,86.22496265,203.1431818,6.253857446,39.1864,100.715,1866,8.241095041,6.099999905,1.613200027,1.416696281,0.119456522,0.126339018,0.247478666,0.221489527,0.039953452,0.046547711,0.376439327,0.368467671,0.007971656
0.943025316,5.163313893,94.14285714,91.57914321,203.1431818,6.253857446,39.1864,100.715,1866,8.241095041,6.099999905,1.613200027,1.416696281,0.119456522,0.126339018,0.278503563,0.283847981,0.105106888,0.065320665,0.383975026,0.365244537,0.018730489
0.962128402,5.481770217,105,97.25914791,430.7606818,-0.471214351,37.2939,100.5836,3383,7.902164773,35.51308777,3.430000041,1.213655682,0.383673906,0.385488663,0.27552356,0.368455497,0.130235602,0.030759162,0.383838384,0.361616162,0.022222222
0.907949392,4.510789017,83,80.6308724,203.1431818,6.253857446,39.1864,100.715,1866,8.241095041,6.099999905,1.613200027,1.416696281,0.119456522,0.126339018,0.20418552,0.243778281,0.054864253,0.099547511,0.398015436,0.380374862,0.017640573
0.968003237,5.74314766,133.5625,135.8382556,203.1431818,6.253857446,39.1864,100.715,1866,8.241095041,6.099999905,1.613200027,1.416696281,0.119456522,0.126339018,0.346564234,0.161758429,0.173282117,0.031156637,0.229166667,0.224893162,0.004273504
0.972748123,5.844225316,126.3333333,124.3078132,203.1431818,6.253857446,39.1864,100.715,1866,8.241095041,6.099999905,1.613200027,1.416696281,0.119456522,0.126339018,0.328565042,0.219937416,0.11622709,0.026821636,0.273669661,0.271596406,0.002073255
0.970864258,5.75789712,133.1538462,132.4237976,203.1431818,6.253857446,39.1864,100.715,1866,8.241095041,6.099999905,1.613200027,1.416696281,0.119456522,0.126339018,0.330314585,0.21115348,0.107244995,0.039084843,0.290159798,0.288477712,0.001682086
0.96643942,5.687604301,125,125.6556192,430.7606818,-0.471214351,37.2939,100.5836,3383,7.902164773,35.51308777,3.430000041,1.213655682,0.383673906,0.385488663,0.303525365,0.215821152,0.128546862,0.026225279,0.278321678,0.274825175,0.003496503
0.979539221,6.117032618,131.125,133.3426501,430.7606818,-0.471214351,37.2939,100.5836,3383,7.902164773,35.51308777,3.430000041,1.213655682,0.383673906,0.385488663,0.34453405,0.253136201,0.117831541,0.038530466,0.308566434,0.307692308,0.000874126
0.980066803,6.154920314,137.2727273,135.9021155,430.7606818,-0.471214351,37.2939,100.5836,3383,7.902164773,35.51308777,3.430000041,1.213655682,0.383673906,0.385488663,0.33526971,0.294605809,0.099170124,0.043983402,0.341983318,0.337349398,0.00463392
0.983817095,6.477250424,145,142.1555706,430.7606818,-0.471214351,37.2939,100.5836,3383,7.902164773,35.51308777,3.430000041,1.213655682,0.383673906,0.385488663,0.411160059,0.293318649,0.120044053,0.043318649,0.438811189,0.429195804,0.009615385
0.976927296,6.183355602,142,135.5641972,430.7606818,-0.471214351,37.2939,100.5836,3383,7.902164773,35.51308777,3.430000041,1.213655682,0.383673906,0.385488663,0.425539084,0.220350404,0.08254717,0.162398922,0.474975466,0.471050049,0.003925417
0.983523223,6.328291506,136,136.8820179,430.7606818,-0.471214351,37.2939,100.5836,3383,7.902164773,35.51308777,3.430000041,1.213655682,0.383673906,0.385488663,0.342321755,0.357404022,0.123857404,0.024680073,0.367678193,0.361326747,0.006351447
0.983132315,6.320325452,131.1666667,127.323074,430.7606818,-0.471214351,37.2939,100.5836,3383,7.902164773,35.51308777,3.430000041,1.213655682,0.383673906,0.385488663,0.363304427,0.350981287,0.13007759,0.037425833,0.373801917,0.364217252,0.009584665
0.977317546,6.086297946,129.4285714,126.0489343,430.7606818,-0.471214351,37.2939,100.5836,3383,7.902164773,35.51308777,3.430000041,1.213655682,0.383673906,0.385488663,0.325912734,0.31745325,0.169189671,0.048085485,0.266417512,0.261612387,0.004805125
0.971547711,5.708933271,109,102.3466713,347.6586777,7.760365202,37.1,106.8333,1629,8.102231405,16.54320019,2.149599977,1.294729339,0.259452164,0.26492803,0.324707332,0.359211337,0.109673444,0.066543438,0.376276512,0.364493323,0.011783189
0.969240301,5.613843716,100.25,98.79540713,347.6586777,7.760365202,37.1,106.8333,1629,8.102231405,16.54320019,2.149599977,1.294729339,0.259452164,0.26492803,0.299602047,0.382603752,0.086981239,0.100625355,0.37761194,0.357462687,0.020149254
0.960741103,5.311018078,89.33333333,89.77780634,347.6586777,7.760365202,37.1,106.8333,1629,8.102231405,16.54320019,2.149599977,1.294729339,0.259452164,0.26492803,0.254467036,0.383240912,0.131238447,0.093037585,0.388484447,0.36929186,0.019192588
0.968561619,5.802957217,113.1111111,113.5654457,198.7045455,6.336709328,39.2,100.75,1870,8.264979339,6.774999976,1.550000012,1.423677686,0.106213041,0.123361507,0.427609428,0.10063599,0.123082679,0.193415638,0.2689747,0.260985353,0.007989348
0.968055917,5.941935272,133,132.5961807,198.7045455,6.336709328,39.2,100.75,1870,8.264979339,6.774999976,1.550000012,1.423677686,0.106213041,0.123361507,0.451159522,0.126141954,0.165144062,0.16373858,0.311093248,0.305466238,0.00562701
0.970748089,5.851989427,121.5833333,122.6644239,198.7045455,6.336709328,39.2,100.75,1870,8.264979339,6.774999976,1.550000012,1.423677686,0.106213041,0.123361507,0.458725183,0.109717868,0.142110763,0.154998258,0.277481323,0.259338314,0.01814301
0.936100507,5.09139738,109.8125,113.225116,467.3452854,3.712403432,35.9667,101.8833,2649,7.983114153,49.057165,3.874598399,1.128647727,0.351904362,0.399268367,0.286673058,0.175455417,0.110258869,0.041227229,0.482758621,0.462068966,0.020689655
0.946189031,5.034904556,96,99.03870947,467.3452854,3.712403432,35.9667,101.8833,2649,7.983114153,49.057165,3.874598399,1.128647727,0.351904362,0.399268367,0.305064782,0.163722026,0.118963486,0.05418139,0.494897959,0.479591837,0.015306122
0.962299754,5.623590954,110.0555556,112.1743248,467.3452854,3.712403432,35.9667,101.8833,2649,7.983114153,49.057165,3.874598399,1.128647727,0.351904362,0.399268367,0.322438163,0.179328622,0.132508834,0.069787986,0.476489028,0.448275862,0.028213166
0.931484642,4.710035824,80.07692308,82.35273613,437.3023089,-0.491632112,37.1833,102.7833,2979,7.920340909,54.53541177,4.276198496,1.102936583,0.385317385,0.437136272,0.536354057,0.068493151,0.151738672,0.004214963,0.4,0.326666667,0.073333333
0.914669421,4.36289943,89.33333333,87.92307549,437.3023089,-0.491632112,37.1833,102.7833,2979,7.920340909,54.53541177,4.276198496,1.102936583,0.385317385,0.437136272,0.596590909,0.063636364,0.120454545,0.005681818,0.441860465,0.348837209,0.093023256
0.839592438,4.036011839,88.5,91.99248367,437.3023089,-0.491632112,37.1833,102.7833,2979,7.920340909,54.53541177,4.276198496,1.102936583,0.385317385,0.437136272,0.724567474,0.079584775,0.134948097,0.005536332,0.483766234,0.448051948,0.035714286
0.895966046,3.889501938,61.11111111,72.22606614,1129.40563,16.3630523,31.32,106.8333,497,6.091466942,36.01487996,3.550399952,1.28011157,0.578147829,1.087108396,0.683844011,0.029247911,0.100278552,0.001392758,0.383333333,0.183333333,0.2
0.980441891,6.203750746,131.75,132.8594973,1129.40563,16.3630523,31.32,106.8333,497,6.091466942,36.01487996,3.550399952,1.28011157,0.578147829,1.087108396,0.536240786,0.156941032,0.055589681,0.10995086,0.290578888,0.282633371,0.007945516
0.982167872,6.30777964,141.5,142.4011007,1129.40563,16.3630523,31.32,106.8333,497,6.091466942,36.01487996,3.550399952,1.28011157,0.578147829,1.087108396,0.575757576,0.17259552,0.074110672,0.033596838,0.338853503,0.331210191,0.007643312
0.978895952,6.083577282,135.1666667,130.5435718,1129.40563,16.3630523,31.32,106.8333,497,6.091466942,36.01487996,3.550399952,1.28011157,0.578147829,1.087108396,0.639713075,0.151287903,0.057711118,0.028692533,0.33106576,0.317460317,0.013605442
0.982815205,6.340004091,133.2,131.0777372,224.4293518,3.435219855,41.7789,111.895,1439,8.148863636,12.70583979,2.202880045,1.408681818,0.252330422,0.155517194,0.544380816,0.217609162,0.085898354,0.0365068,0.372978116,0.369172217,0.003805899
0.979725604,6.130026538,125.5,126.2457736,224.4293518,3.435219855,41.7789,111.895,1439,8.148863636,12.70583979,2.202880045,1.408681818,0.252330422,0.155517194,0.566841415,0.194626474,0.081913499,0.023591088,0.344481605,0.337792642,0.006688963
0.978132748,6.084240034,129.4615385,131.3920105,224.4293518,3.435219855,41.7789,111.895,1439,8.148863636,12.70583979,2.202880045,1.408681818,0.252330422,0.155517194,0.588776449,0.125114995,0.044464888,0.070223858,0.273556231,0.255319149,0.018237082
0.977944275,5.972823814,124,124.6906879,224.4293518,3.435219855,41.7789,111.895,1439,8.148863636,12.70583979,2.202880045,1.408681818,0.252330422,0.155517194,0.575420768,0.16290886,0.050174659,0.07018101,0.320158103,0.31027668,0.009881423
0.979103782,6.073642669,135,129.5173455,224.4293518,3.435219855,41.7789,111.895,1439,8.148863636,12.70583979,2.202880045,1.408681818,0.252330422,0.155517194,0.641260163,0.113482385,0.073848238,0.043699187,0.30592503,0.290205562,0.015719468
0.978719746,6.010587745,123.2142857,125.286049,224.4293518,3.435219855,41.7789,111.895,1439,8.148863636,12.70583979,2.202880045,1.408681818,0.252330422,0.155517194,0.583333333,0.141496599,0.076870748,0.045238095,0.325806452,0.311827957,0.013978495
0.97292507,5.909740053,120.5,120.1852382,224.4293518,3.435219855,41.7789,111.895,1439,8.148863636,12.70583979,2.202880045,1.408681818,0.252330422,0.155517194,0.241616904,0.338998622,0.222783647,0.024345429,0.35678392,0.353643216,0.003140704
0.96920246,5.487192866,87,89.11327479,224.4293518,3.435219855,41.7789,111.895,1439,8.148863636,12.70583979,2.202880045,1.408681818,0.252330422,0.155517194,0.448724362,0.32116058,0.104052026,0.036518259,0.351015062,0.340537001,0.010478062
0.978906537,6.139327569,133.5454545,134.2108874,224.4293518,3.435219855,41.7789,111.895,1439,8.148863636,12.70583979,2.202880045,1.408681818,0.252330422,0.155517194,0.570659489,0.109690444,0.165208614,0.058546433,0.436590437,0.434511435,0.002079002
0.982852353,6.366327665,138.625,138.7012993,113.5162429,5.547858535,39.838783,97.930497,1888,8.051382955,8.609131531,1.402457794,1.400747965,0.069991305,0.071069784,0.471424061,0.193558573,0.123460688,0.055573098,0.359375,0.344618056,0.014756944
0.96989649,5.907802786,135.6,134.7389044,129.1241648,4.265032473,39.762238,97.788113,2172,8.061634091,13.3669091,1.992875271,1.346354921,0.099182606,0.085735941,0.242916379,0.295093296,0.151002073,0.008984105,0.316270567,0.309567337,0.00670323
0.97907814,6.273521656,136.25,137.0831865,216.7364488,-0.248659706,39.605533,97.702177,3173,7.60121646,21.26698428,1.91639598,1.176346247,0.185247824,0.169332324,0.468823728,0.175935288,0.178294574,0.088978766,0.355109961,0.3538163,0.001293661
0.981666838,6.339744915,144,138.9598635,242.091224,-1.885187308,39.476482,97.68075,3565,7.577170455,28.13822031,2.622689054,1.192243496,0.166356519,0.196189135,0.506603454,0.163901118,0.13782594,0.054520826,0.351703407,0.346693387,0.00501002
0.972069913,5.795582025,102,101.2830776,283.9173149,-3.959127061,39.363582,97.651752,4229,7.418093182,36.53618138,3.247419537,1.216007779,0.139443472,0.271452008,0.246241576,0.330741317,0.219803007,0.041472265,0.433356595,0.40893231,0.024424285
0.975308277,6.031554089,124,123.1128033,253.7194112,-1.487557317,39.309462,97.880003,3403,7.680071807,19.90534288,2.252869297,1.159267803,0.140986949,0.198826025,0.356410256,0.285042735,0.163675214,0.038461538,0.420854271,0.415201005,0.005653266
0.96970829,5.729067965,122.875,121.2643126,295.6484932,-3.159453797,39.11318,98.176408,3420,7.476291698,27.20024114,2.491840008,1.17426577,0.182004347,0.243705832,0.460275772,0.131319764,0.138542351,0.074195666,0.451104101,0.449526814,0.001577287
0.962804222,5.606027746,117.0909091,117.9693771,389.8788749,-3.025579684,38.433893,99.578432,3351,7.603257237,63.03528967,3.969347947,1.14163614,0.35339129,0.35045681,0.409666667,0.159333333,0.140333333,0.083666667,0.430784124,0.425943853,0.004840271
0.977622163,6.078870707,131.6,131.1476947,396.7051839,-2.913184167,38.361722,99.72065,3245,7.694210142,46.31627086,3.700000048,1.094747001,0.301517397,0.354809082,0.515845623,0.144022592,0.104800753,0.02133668,0.343183985,0.342230696,0.000953289
0.954539102,5.162600593,90.25,84.36786312,397.5643558,-2.621774364,38.289237,99.851733,3141,7.716690311,35.34408437,3.329513396,1.108211202,0.28048262,0.357192021,0.161592506,0.575644028,0.168618267,0.001405152,0.375158831,0.372617535,0.002541296
0.936426104,4.739105031,99,95.10583844,412.1459983,-2.227401241,38.232072,99.995093,3088,7.511971144,56.41670407,3.81157332,1.116842727,0.287130445,0.355389786,0.586605081,0.029445727,0.056581986,0.20034642,0.217142857,0.194285714,0.022857143
0.955012885,5.067735378,104.75,90.81069734,396.4655784,-0.726556827,38.222858,100.104153,2837,7.631215771,37.60803954,3.248428059,1.115623592,0.254243493,0.334656265,0.658374793,0.110447761,0.141293532,0.053731343,0.247545582,0.242636746,0.004908836
0.943674306,4.988534216,108,110.5924147,416.2629359,-1.555917954,38.082083,100.365418,3044,7.627152974,50.64554648,3.665003998,1.141508716,0.328973919,0.361812754,0.689391945,0.096867597,0.090813372,0.056067386,0.267555556,0.249777778,0.017777778
0.947359873,4.846707723,82.33333333,86.22292484,715.6773244,0.75331672,33.65,101.8833,3593,6.904465393,71.74239999,4.349600143,1.146,0.485052168,0.725644767,0.64568082,0.048901903,0.117715959,0.135871157,0.178988327,0.173151751,0.005836576
0.950911052,5.034110156,94.6,97.62792266,715.6773244,0.75331672,33.65,101.8833,3593,6.904465393,71.74239999,4.349600143,1.146,0.485052168,0.725644767,0.569204521,0.114736618,0.099381531,0.195564086,0.361842105,0.356203008,0.005639098
0.918029168,4.226451782,75.75,63.60850586,715.6773244,0.75331672,33.65,101.8833,3593,6.904465393,71.74239999,4.349600143,1.146,0.485052168,0.725644767,0.0969163,0.019823789,0.037444934,0.657488987,0.20212766,0.159574468,0.042553191
0.903732086,4.12387227,77.42857143,74.06368808,715.6773244,0.75331672,33.65,101.8833,3593,6.904465393,71.74239999,4.349600143,1.146,0.485052168,0.725644767,0.102487562,0.018905473,0.043781095,0.697512438,0.202614379,0.169934641,0.032679739
0.917014537,4.454177261,100.1111111,92.29895726,715.6773244,0.75331672,33.65,101.8833,3593,6.904465393,71.74239999,4.349600143,1.146,0.485052168,0.725644767,0.123986095,0.032444959,0.062572422,0.609501738,0.231707317,0.18902439,0.042682927
0.910768931,4.204561133,98.25,75.50737226,715.6773244,0.75331672,33.65,101.8833,3593,6.904465393,71.74239999,4.349600143,1.146,0.485052168,0.725644767,0.097660224,0.026449644,0.047812818,0.654120041,0.12244898,0.107142857,0.015306122
0.979345137,6.11515379,141.4285714,137.2105978,715.6773244,0.75331672,33.65,101.8833,3593,6.904465393,71.74239999,4.349600143,1.146,0.485052168,0.725644767,0.623215394,0.115766605,0.066108007,0.058038485,0.305236271,0.297573436,0.007662835
0.976128419,5.958887373,130.0909091,130.4556807,715.6773244,0.75331672,33.65,101.8833,3593,6.904465393,71.74239999,4.349600143,1.146,0.485052168,0.725644767,0.662361624,0.115928659,0.066420664,0.016605166,0.325499412,0.318448884,0.007050529
0.979719663,6.14252342,135.625,133.9827432,715.6773244,0.75331672,33.65,101.8833,3593,6.904465393,71.74239999,4.349600143,1.146,0.485052168,0.725644767,0.658536585,0.11751663,0.05036427,0.05384859,0.365671642,0.359701493,0.005970149
0.927364249,4.625300905,74,72.29107508,715.6773244,0.75331672,33.65,101.8833,3593,6.904465393,71.74239999,4.349600143,1.146,0.485052168,0.725644767,0.12372449,0.031887755,0.088010204,0.216836735,0.328947368,0.190789474,0.138157895
0.943312601,4.782111973,73.375,72.32881921,715.6773244,0.75331672,33.65,101.8833,3593,6.904465393,71.74239999,4.349600143,1.146,0.485052168,0.725644767,0.118604651,0.034883721,0.111627907,0.273255814,0.381944444,0.1875,0.194444444
0.879984441,4.203607186,63.42857143,63.45171868,715.6773244,0.75331672,33.65,101.8833,3593,6.904465393,71.74239999,4.349600143,1.146,0.485052168,0.725644767,0.081735621,0.035317861,0.070635721,0.158425832,0.352601156,0.25433526,0.098265896
0.882603834,3.99689141,82,72.31951457,715.6773244,0.75331672,33.65,101.8833,3593,6.904465393,71.74239999,4.349600143,1.146,0.485052168,0.725644767,0.091114458,0.017319277,0.032379518,0.615963855,0.164179104,0.097014925,0.067164179
0.862866502,3.677360797,67,68.48632288,715.6773244,0.75331672,33.65,101.8833,3593,6.904465393,71.74239999,4.349600143,1.146,0.485052168,0.725644767,0.172537743,0.040258807,0.550682962,0.200575126,0.294613583,0.287587822,0.007025761
0.931528848,4.774196411,79.5,69.77709916,715.6773244,0.75331672,33.65,101.8833,3593,6.904465393,71.74239999,4.349600143,1.146,0.485052168,0.725644767,0.210352423,0.168502203,0.198237885,0.362334802,0.245378151,0.220168067,0.025210084
0.947200743,4.841159182,83,78.65133814,715.6773244,0.75331672,33.65,101.8833,3593,6.904465393,71.74239999,4.349600143,1.146,0.485052168,0.725644767,0.174405436,0.441676104,0.20385051,0.158550396,0.404789054,0.374002281,0.030786773
0.92325373,4.405454514,57,56.47851729,791.34375,-1.460878922,29.83,101.875,4376,5.353125,94.23500214,7.900000095,1.074375,0.086347826,1.126388432,0.203143894,0.083434099,0.235792019,0.238210399,0.241071429,0.157738095,0.083333333
0.961772626,5.216163648,82,79.77804892,791.34375,-1.460878922,29.83,101.875,4376,5.353125,94.23500214,7.900000095,1.074375,0.086347826,1.126388432,0.401496259,0.144638404,0.218204489,0.120947631,0.329519451,0.224256293,0.105263158
0.952526425,4.915885802,65.875,66.66235164,791.34375,-1.460878922,29.83,101.875,4376,5.353125,94.23500214,7.900000095,1.074375,0.086347826,1.126388432,0.204946996,0.169611307,0.252061249,0.240282686,0.253634895,0.231017771,0.022617124
0.949930471,4.851424983,73,72.01579137,791.34375,-1.460878922,29.83,101.875,4376,5.353125,94.23500214,7.900000095,1.074375,0.086347826,1.126388432,0.217877095,0.277467412,0.222532588,0.224394786,0.345596433,0.283166109,0.062430323
0.892267361,3.876615464,50.75,47.4444127,791.34375,-1.460878922,29.83,101.875,4376,5.353125,94.23500214,7.900000095,1.074375,0.086347826,1.126388432,0.317365269,0.193612774,0.403193613,0.063872255,0.220930233,0.219269103,0.00166113
0.833988153,4.159362148,67.66666667,67.40030314,791.34375,-1.460878922,29.83,101.875,4376,5.353125,94.23500214,7.900000095,1.074375,0.086347826,1.126388432,0.225551159,0.052006783,0.162238553,0.488411532,0.223628692,0.163150492,0.0604782
0.860647501,3.877236802,54.33333333,50.02462208,791.34375,-1.460878922,29.83,101.875,4376,5.353125,94.23500214,7.900000095,1.074375,0.086347826,1.126388432,0.272918862,0.035827187,0.244467861,0.397260274,0.209433962,0.113207547,0.096226415
0.909087811,4.499346962,58.66666667,58.63548635,791.34375,-1.460878922,29.83,101.875,4376,5.353125,94.23500214,7.900000095,1.074375,0.086347826,1.126388432,0.237358101,0.055727554,0.279669763,0.333333333,0.20790378,0.159793814,0.048109966
0.860951013,3.877923383,67.1,76.28433735,791.34375,-1.460878922,29.83,101.875,4376,5.353125,94.23500214,7.900000095,1.074375,0.086347826,1.126388432,0.227111786,0.090035407,0.291856348,0.375316136,0.399844115,0.36710834,0.032735776
0.701477259,3.292138628,62.66666667,62.767744,791.34375,-1.460878922,29.83,101.875,4376,5.353125,94.23500214,7.900000095,1.074375,0.086347826,1.126388432,0.154744526,0.026277372,0.136253041,0.63649635,0.253358925,0.184261036,0.069097889
0.751696044,3.354235646,66.75,68.5994832,791.34375,-1.460878922,29.83,101.875,4376,5.353125,94.23500214,7.900000095,1.074375,0.086347826,1.126388432,0.136575272,0.058458355,0.229694775,0.557165028,0.42195122,0.27804878,0.143902439
0.936334237,4.52087478,51,49.13020466,791.34375,-1.460878922,29.83,101.875,4376,5.353125,94.23500214,7.900000095,1.074375,0.086347826,1.126388432,0.291084855,0.076262084,0.264232009,0.22556391,0.165207877,0.165207877,0
0.917970808,4.444443497,56.11111111,59.66925831,791.34375,-1.460878922,29.83,101.875,4376,5.353125,94.23500214,7.900000095,1.074375,0.086347826,1.126388432,0.118867925,0.141509434,0.24245283,0.289622642,0.314637483,0.216142271,0.098495212
0.87307292,3.772570774,44.5,50.64285714,791.34375,-1.460878922,29.83,101.875,4376,5.353125,94.23500214,7.900000095,1.074375,0.086347826,1.126388432,0.129161119,0.094540613,0.213049268,0.418109188,0.205645161,0.201612903,0.004032258
0.857548049,3.568495348,83.33333333,76.09391813,791.34375,-1.460878922,29.83,101.875,4376,5.353125,94.23500214,7.900000095,1.074375,0.086347826,1.126388432,0.150289017,0.098265896,0.292870906,0.410404624,0.265658747,0.261339093,0.004319654
0.855251559,3.664435566,36.5,38.92342593,791.34375,-1.460878922,29.83,101.875,4376,5.353125,94.23500214,7.900000095,1.074375,0.086347826,1.126388432,0.108191654,0.098918083,0.253477589,0.460587326,0.252010724,0.252010724,0
0.858340322,3.638848278,45.42857143,47.8115942,791.34375,-1.460878922,29.83,101.875,4376,5.353125,94.23500214,7.900000095,1.074375,0.086347826,1.126388432,0.283783784,0.09009009,0.521021021,0.07957958,0.308704453,0.307692308,0.001012146
0.879018782,3.990833468,74,70.90268453,791.34375,-1.460878922,29.83,101.875,4376,5.353125,94.23500214,7.900000095,1.074375,0.086347826,1.126388432,0.218804921,0.075571178,0.542179262,0.129173989,0.292114695,0.287933094,0.004181601
0.771969117,3.140402827,50.42857143,53.64658635,791.34375,-1.460878922,29.83,101.875,4376,5.353125,94.23500214,7.900000095,1.074375,0.086347826,1.126388432,0.182530795,0.039193729,0.227323628,0.481522956,0.176300578,0.176300578,0
0.919997166,4.352233172,57,59.38058507,791.34375,-1.460878922,29.83,101.875,4376,5.353125,94.23500214,7.900000095,1.074375,0.086347826,1.126388432,0.242857143,0.110714286,0.546428571,0.073809524,0.229180546,0.229180546,0
0.919542144,4.074121693,32.75,32.91933977,791.34375,-1.460878922,29.83,101.875,4376,5.353125,94.23500214,7.900000095,1.074375,0.086347826,1.126388432,0.232258065,0.293548387,0.196774194,0.016129032,0.165311653,0.162601626,0.002710027
0.977220529,6.026920058,133.375,131.0920796,791.34375,-1.460878922,29.83,101.875,4376,5.353125,94.23500214,7.900000095,1.074375,0.086347826,1.126388432,0.319052595,0.444096134,0.106931383,0.008707767,0.453170029,0.439481268,0.013688761
0.982051259,6.213763785,131.5,122.9781615,791.34375,-1.460878922,29.83,101.875,4376,5.353125,94.23500214,7.900000095,1.074375,0.086347826,1.126388432,0.398322148,0.362080537,0.149328859,0.002348993,0.433116883,0.407142857,0.025974026
0.965589967,5.374286173,123.5,110.5252315,791.34375,-1.460878922,29.83,101.875,4376,5.353125,94.23500214,7.900000095,1.074375,0.086347826,1.126388432,0.145644599,0.607665505,0.081184669,0,0.450056117,0.448559671,0.001496446
0.979492775,6.08426398,125.5,123.5967586,308.476343,7.773604163,37.7,107.2167,1584,8.263636364,7.974000023,1.550000012,1.358417355,0.229399994,0.218000786,0.277703156,0.414372062,0.207857623,0.00402955,0.460494426,0.42801745,0.032476975
0.972959528,5.7441325,106.6666667,107.5073609,308.476343,7.773604163,37.7,107.2167,1584,8.263636364,7.974000023,1.550000012,1.358417355,0.229399994,0.218000786,0.288299935,0.481900452,0.086296057,0.002262443,0.444847229,0.432936302,0.011910927
0.97649503,6.037193194,125.1111111,124.2310236,308.476343,7.773604163,37.7,107.2167,1584,8.263636364,7.974000023,1.550000012,1.358417355,0.229399994,0.218000786,0.392027864,0.311145511,0.132352941,0.007352941,0.363470874,0.339199029,0.024271845
0.978972594,6.056073414,115.5,116.3093123,308.476343,7.773604163,37.7,107.2167,1584,8.263636364,7.974000023,1.550000012,1.358417355,0.229399994,0.218000786,0.401722788,0.276820673,0.113547377,0.009788567,0.368663594,0.348694316,0.019969278
0.976198391,5.972415394,123.75,125.3305443,308.476343,7.773604163,37.7,107.2167,1584,8.263636364,7.974000023,1.550000012,1.358417355,0.229399994,0.218000786,0.329109341,0.314627082,0.163649529,0.003982621,0.417366947,0.392717087,0.02464986
0.977164107,6.024963766,119.625,118.5828476,816.3787603,10.55366163,28.6828,101.2024,2546,6.250256198,74.17399577,5.926529714,1.01078595,0.562852144,0.622978933,0.289927405,0.396098004,0.161978221,0.010889292,0.289855072,0.273863068,0.015992004
0.963986311,5.866322035,121.4,123.2447791,816.3787603,10.55366163,28.6828,101.2024,2546,6.250256198,74.17399577,5.926529714,1.01078595,0.562852144,0.622978933,0.250721649,0.462680412,0.183505155,0.007010309,0.444792132,0.43540456,0.009387573
0.972589709,5.843434789,152,127.660434,816.3787603,10.55366163,28.6828,101.2024,2546,6.250256198,74.17399577,5.926529714,1.01078595,0.562852144,0.622978933,0.256776034,0.341892534,0.13361864,0.046124584,0.368022706,0.34910123,0.018921476
0.977413113,6.053704564,128.6,127.4858062,816.3787603,10.55366163,28.6828,101.2024,2546,6.250256198,74.17399577,5.926529714,1.01078595,0.562852144,0.622978933,0.372102318,0.332134293,0.131095124,0.011191047,0.346238938,0.327433628,0.01880531
0.978334808,6.033852848,132,125.2688104,816.3787603,10.55366163,28.6828,101.2024,2546,6.250256198,74.17399577,5.926529714,1.01078595,0.562852144,0.622978933,0.404734187,0.277066356,0.107877377,0.006984866,0.355021216,0.340169731,0.014851485
0.972001803,5.930508471,130.1666667,125.9109193,816.3787603,10.55366163,28.6828,101.2024,2546,6.250256198,74.17399577,5.926529714,1.01078595,0.562852144,0.622978933,0.349090909,0.26446281,0.148429752,0.00661157,0.383651226,0.363487738,0.020163488
0.976743862,5.988335105,124.8,123.8822492,816.3787603,10.55366163,28.6828,101.2024,2546,6.250256198,74.17399577,5.926529714,1.01078595,0.562852144,0.622978933,0.254599914,0.414634146,0.176722294,0.008130081,0.303473492,0.284734918,0.018738574
0.978783747,6.2736877,139,133.91247,816.3787603,10.55366163,28.6828,101.2024,2546,6.250256198,74.17399577,5.926529714,1.01078595,0.562852144,0.622978933,0.30856102,0.387613843,0.122040073,0.015664845,0.387165321,0.379515512,0.007649809
0.975333389,6.161534786,144,133.4772831,816.3787603,10.55366163,28.6828,101.2024,2546,6.250256198,74.17399577,5.926529714,1.01078595,0.562852144,0.622978933,0.308139535,0.348837209,0.143638851,0.013679891,0.383271375,0.374349442,0.008921933
0.97413893,6.157258817,134,133.874876,816.3787603,10.55366163,28.6828,101.2024,2546,6.250256198,74.17399577,5.926529714,1.01078595,0.562852144,0.622978933,0.270592359,0.416053277,0.126533474,0.010865755,0.385958784,0.375829549,0.010129235
0.981131139,6.297078795,133.6666667,131.5139608,224.4328228,3.435046499,41.7786,111.8947,1439,8.148522727,12.73340138,2.205875242,1.408818182,0.189569563,0.1555151,0.265443654,0.4152003,0.142643205,0.005615874,0.397430407,0.388865096,0.00856531
0.963416918,5.924025792,133.5,133.1444935,224.4328228,3.435046499,41.7786,111.8947,1439,8.148522727,12.73340138,2.205875242,1.408818182,0.189569563,0.1555151,0.215095465,0.341885442,0.194809069,0.00924821,0.396539548,0.390536723,0.006002825
0.968201681,6.07476617,135,134.4384903,224.4328228,3.435046499,41.7786,111.8947,1439,8.148522727,12.73340138,2.205875242,1.408818182,0.189569563,0.1555151,0.285881664,0.308728764,0.17486819,0.010837727,0.414685908,0.411290323,0.003395586
0.952331282,5.769927009,133.9090909,134.4571424,224.4328228,3.435046499,41.7786,111.8947,1439,8.148522727,12.73340138,2.205875242,1.408818182,0.189569563,0.1555151,0.156013329,0.292335656,0.243259618,0.006664647,0.420382166,0.414762083,0.005620082
0.973171564,5.982188129,134.2,130.2245959,431.4391787,0.187639076,36.915,100.715,3305,8.017962293,30.62200026,2.730000019,1.095716684,0.209204346,0.368836543,0.163602941,0.425551471,0.245404412,0.003676471,0.426016729,0.423997693,0.002019037
0.975466534,6.04534169,128.3333333,128.8307449,431.4391787,0.187639076,36.915,100.715,3305,8.017962293,30.62200026,2.730000019,1.095716684,0.209204346,0.368836543,0.187092771,0.394973627,0.23580515,0.014272417,0.432587666,0.429866989,0.002720677
0.977596187,6.157545311,130,131.0314426,431.4391787,0.187639076,36.915,100.715,3305,8.017962293,30.62200026,2.730000019,1.095716684,0.209204346,0.368836543,0.219271155,0.413526868,0.22575664,0.016368128,0.429880843,0.424075771,0.005805072
0.979442003,6.23009377,133.25,133.5538941,431.4391787,0.187639076,36.915,100.715,3305,8.017962293,30.62200026,2.730000019,1.095716684,0.209204346,0.368836543,0.24535316,0.358116481,0.236679058,0.013630731,0.390667575,0.38726158,0.003405995
0.973810772,6.067540938,141.75,133.3203949,431.4391787,0.187639076,36.915,100.715,3305,8.017962293,30.62200026,2.730000019,1.095716684,0.209204346,0.368836543,0.209661836,0.403220612,0.242190016,0.003542673,0.392047436,0.386815487,0.00523195
0.979896937,6.228381223,134,133.3825371,431.4391787,0.187639076,36.915,100.715,3305,8.017962293,30.62200026,2.730000019,1.095716684,0.209204346,0.368836543,0.239520958,0.369926813,0.25249501,0.003992016,0.392171076,0.388546575,0.003624502
0.966489736,5.472700805,106.1538462,109.1916986,431.4391787,0.187639076,36.915,100.715,3305,8.017962293,30.62200026,2.730000019,1.095716684,0.209204346,0.368836543,0.408688656,0.252614642,0.138374899,0.005631537,0.457466919,0.391304348,0.066162571
0.959817361,5.250090429,96.66666667,94.65289969,431.4391787,0.187639076,36.915,100.715,3305,8.017962293,30.62200026,2.730000019,1.095716684,0.209204346,0.368836543,0.472576531,0.255739796,0.130739796,0.001913265,0.469656992,0.430079156,0.039577836
0.957461506,5.097774314,94.85714286,89.24248144,431.4391787,0.187639076,36.915,100.715,3305,8.017962293,30.62200026,2.730000019,1.095716684,0.209204346,0.368836543,0.444552529,0.223735409,0.15077821,0.006809339,0.438325991,0.372246696,0.066079295
0.9668504,5.759458478,140.4615385,140.5294343,406.8842975,1.394502107,42.43,116.99,1411,7.512086777,32.20299997,4.718999901,1.298507231,0.335608691,0.354120363,0.297039809,0.088805716,0.0762164,0.32766247,0.23655914,0.223416965,0.013142174
0.967061622,5.71823468,128.25,129.8363961,406.8842975,1.394502107,42.43,116.99,1411,7.512086777,32.20299997,4.718999901,1.298507231,0.335608691,0.354120363,0.356725146,0.068615984,0.101364522,0.271734893,0.356807512,0.280125196,0.076682316
0.931463306,5.242772303,141.0769231,140.2976247,406.8842975,1.394502107,42.43,116.99,1411,7.512086777,32.20299997,4.718999901,1.298507231,0.335608691,0.354120363,0.251568381,0.074027604,0.058657465,0.5,0.248628885,0.221206581,0.027422303
0.957483945,5.546470834,139.2307692,139.0728867,272.2386364,1.803910218,44.225,116.35,1036,7.867045455,25.4000001,3.400000095,1.337693698,0.235004351,0.213478643,0.355533466,0.059973492,0.062624254,0.350563287,0.303501946,0.266536965,0.036964981
0.951974111,5.600410904,136.6,135.895367,272.2386364,1.803910218,44.225,116.35,1036,7.867045455,25.4000001,3.400000095,1.337693698,0.235004351,0.213478643,0.245209484,0.112374147,0.103280286,0.393634297,0.245215311,0.210526316,0.034688995
0.954841863,5.614024685,138.5,137.9804441,272.2386364,1.803910218,44.225,116.35,1036,7.867045455,25.4000001,3.400000095,1.337693698,0.235004351,0.213478643,0.302565707,0.077596996,0.085106383,0.378911139,0.28708134,0.247208931,0.039872408
0.950819489,5.536769007,136.1111111,134.3213403,272.2386364,1.803910218,44.225,116.35,1036,7.867045455,25.4000001,3.400000095,1.337693698,0.235004351,0.213478643,0.296428571,0.094805195,0.083766234,0.396428571,0.199186992,0.165311653,0.033875339
0.943583298,5.454293355,135.6153846,136.3498406,272.2386364,1.803910218,44.225,116.35,1036,7.867045455,25.4000001,3.400000095,1.337693698,0.235004351,0.213478643,0.281191223,0.073981191,0.084952978,0.434169279,0.238021638,0.171561051,0.066460587
0.958889133,5.154116014,76.42857143,76.27490571,272.2386364,1.803910218,44.225,116.35,1036,7.867045455,25.4000001,3.400000095,1.337693698,0.235004351,0.213478643,0.182732607,0.373847443,0.267393127,0,0.441998307,0.441151566,0.00084674
0.958991823,5.089206853,80.6,76.071782,272.2386364,1.803910218,44.225,116.35,1036,7.867045455,25.4000001,3.400000095,1.337693698,0.235004351,0.213478643,0.180114099,0.380603097,0.2999185,0.002444988,0.47324159,0.472477064,0.000764526
0.958943841,5.108750053,68,65.37782011,272.2386364,1.803910218,44.225,116.35,1036,7.867045455,25.4000001,3.400000095,1.337693698,0.235004351,0.213478643,0.16495659,0.411207577,0.29281768,0,0.477272727,0.474137931,0.003134796
0.95408519,5.116329815,67.75,66.51630715,29.65988636,3.392930734,36.1339,80.5856,3206,7.906886364,22.24404453,3.187049629,1.254540909,0.263352185,0.022568487,0.155523256,0.487645349,0.243459302,0.000726744,0.446369637,0.445544554,0.000825083
0.96506992,5.920652552,137.1428571,132.4501364,29.65988636,3.392930734,36.1339,80.5856,3206,7.906886364,22.24404453,3.187049629,1.254540909,0.263352185,0.022568487,0.219094247,0.408812729,0.168094655,0.013055896,0.289490245,0.285084959,0.004405286
0.980542954,6.20766437,134.5,134.1062707,29.65988636,3.392930734,36.1339,80.5856,3206,7.906886364,22.24404453,3.187049629,1.254540909,0.263352185,0.022568487,0.355492357,0.289726271,0.243867757,0.004621401,0.394169329,0.387779553,0.006389776
0.972837233,5.957463927,128.3333333,128.4386702,29.65988636,3.392930734,36.1339,80.5856,3206,7.906886364,22.24404453,3.187049629,1.254540909,0.263352185,0.022568487,0.292720543,0.243368291,0.270203578,0.001542258,0.402291326,0.396072013,0.006219313
0.979830479,6.276165276,140,139.3855668,277.6745351,1.832469163,44.155,116.3922,1109,7.853409091,25.81851988,3.289999962,1.360777118,0.235913038,0.21676605,0.257132539,0.373781148,0.225713254,0.003611412,0.323715415,0.316205534,0.007509881
0.971017243,5.718554493,115.2727273,116.1434839,277.6745351,1.832469163,44.155,116.3922,1109,7.853409091,25.81851988,3.289999962,1.360777118,0.235913038,0.21676605,0.238276299,0.208174905,0.357731305,0,0.364505527,0.363011652,0.001493875
0.962321071,5.251671951,87,86.41276509,277.6745351,1.832469163,44.155,116.3922,1109,7.853409091,25.81851988,3.289999962,1.360777118,0.235913038,0.21676605,0.234865293,0.247860539,0.378763867,0,0.412349398,0.410542169,0.001807229
0.712455632,3.134392506,80.11111111,78.29000875,277.6745351,1.832469163,44.155,116.3922,1109,7.853409091,25.81851988,3.289999962,1.360777118,0.235913038,0.21676605,0.807960199,0.055721393,0.078606965,0,0.425,0.425,0
0.736311026,3.055373304,65,63.48664267,277.6745351,1.832469163,44.155,116.3922,1109,7.853409091,25.81851988,3.289999962,1.360777118,0.235913038,0.21676605,0.780429594,0.040572792,0.112171838,0,0.405405405,0.405405405,0
0.705022758,2.935018814,57.6,52.3664177,277.6745351,1.832469163,44.155,116.3922,1109,7.853409091,25.81851988,3.289999962,1.360777118,0.235913038,0.21676605,0.731767614,0.042027194,0.119901112,0,0.422535211,0.422535211,0
0.971074108,5.689815163,134.8571429,128.2074979,460.1659091,4.301645416,46.1698,124.8989,131,8.04086751,16.72688894,4.69336322,1.292059866,0.337508708,0.374779712,0.329461457,0.248944034,0.126451954,0.088965153,0.246025105,0.235983264,0.010041841
0.977442932,5.983522294,124,125.6298807,460.1659091,4.301645416,46.1698,124.8989,131,8.04086751,16.72688894,4.69336322,1.292059866,0.337508708,0.374779712,0.335868929,0.301345816,0.137799883,0.045055588,0.314627415,0.312787489,0.001839926
0.972309444,5.669883917,114.1428571,113.0230966,460.1659091,4.301645416,46.1698,124.8989,131,8.04086751,16.72688894,4.69336322,1.292059866,0.337508708,0.374779712,0.38616188,0.268407311,0.095039164,0.06997389,0.257575758,0.251082251,0.006493506
0.970713619,5.529081876,93.11111111,95.42902711,669.053719,1.861327602,33.62,102.87,3450,6.787396694,77.10899696,5.401000094,1.161322314,0.491113037,0.68740043,0.39640847,0.275261324,0.067274189,0.043956044,0.163170163,0.15967366,0.003496503
0.974268859,5.874456522,124.75,126.4184639,669.053719,1.861327602,33.62,102.87,3450,6.787396694,77.10899696,5.401000094,1.161322314,0.491113037,0.68740043,0.427903543,0.261318898,0.116879921,0.034694882,0.346718147,0.342084942,0.004633205
0.97252642,5.660878626,110.875,110.5349594,669.053719,1.861327602,33.62,102.87,3450,6.787396694,77.10899696,5.401000094,1.161322314,0.491113037,0.68740043,0.421279837,0.223971559,0.089385475,0.077196546,0.222623345,0.209386282,0.013237064
0.975049979,6.087624296,132.6666667,132.2568581,669.053719,1.861327602,33.62,102.87,3450,6.787396694,77.10899696,5.401000094,1.161322314,0.491113037,0.68740043,0.347278912,0.184693878,0.244897959,0.055782313,0.38223632,0.372720063,0.009516257
0.977634386,6.154669487,128.3,128.8227062,669.053719,1.861327602,33.62,102.87,3450,6.787396694,77.10899696,5.401000094,1.161322314,0.491113037,0.68740043,0.341255106,0.161901225,0.261418492,0.072781285,0.321321321,0.31006006,0.011261261
0.974945581,5.989009666,126.5,127.8231168,669.053719,1.861327602,33.62,102.87,3450,6.787396694,77.10899696,5.401000094,1.161322314,0.491113037,0.68740043,0.47543406,0.093461396,0.198374584,0.052826007,0.356086462,0.344709898,0.011376564
0.977955909,6.150749032,127,125.3250712,669.053719,1.861327602,33.62,102.87,3450,6.787396694,77.10899696,5.401000094,1.161322314,0.491113037,0.68740043,0.31614654,0.23428313,0.227046585,0.046132972,0.455357143,0.433035714,0.022321429
0.949750427,5.624317937,126.1111111,126.3653134,669.053719,1.861327602,33.62,102.87,3450,6.787396694,77.10899696,5.401000094,1.161322314,0.491113037,0.68740043,0.317522124,0.098761062,0.405309735,0.025486726,0.297266515,0.281321185,0.01594533
0.946337945,5.51246199,131.4285714,127.5388759,669.053719,1.861327602,33.62,102.87,3450,6.787396694,77.10899696,5.401000094,1.161322314,0.491113037,0.68740043,0.257363254,0.217391304,0.423211781,0.021388499,0.409475465,0.401015228,0.008460237
0.972441471,6.044921729,129.3333333,127.5940338,669.053719,1.861327602,33.62,102.87,3450,6.787396694,77.10899696,5.401000094,1.161322314,0.491113037,0.68740043,0.349052018,0.137092854,0.199805542,0.026251823,0.212728858,0.191804708,0.02092415
0.972405059,5.874338168,127.7692308,129.1230424,669.053719,1.861327602,33.62,102.87,3450,6.787396694,77.10899696,5.401000094,1.161322314,0.491113037,0.68740043,0.406329574,0.097126228,0.203346672,0.058566752,0.231014678,0.226547543,0.004467135
0.978549721,6.196958372,131.6,130.1835145,669.053719,1.861327602,33.62,102.87,3450,6.787396694,77.10899696,5.401000094,1.161322314,0.491113037,0.68740043,0.32845953,0.206266319,0.211488251,0.084073107,0.326570048,0.314009662,0.012560386
0.974087889,6.061607502,135.5,134.400731,669.053719,1.861327602,33.62,102.87,3450,6.787396694,77.10899696,5.401000094,1.161322314,0.491113037,0.68740043,0.372774481,0.114985163,0.205489614,0.09310089,0.260981912,0.249784668,0.011197244
0.980531521,6.237275485,130,123.7040245,576.9638107,-0.124289292,34.8809,101.5355,3613,7.286949251,44.97404691,4.28419213,1.19783187,0.394773901,0.568698297,0.371945701,0.230769231,0.215384615,0.019909502,0.368383405,0.355507868,0.012875536
0.983926897,6.407241202,130.875,130.9148292,576.9638107,-0.124289292,34.8809,101.5355,3613,7.286949251,44.97404691,4.28419213,1.19783187,0.394773901,0.568698297,0.327606404,0.203045685,0.275673565,0.028894963,0.414187643,0.398932113,0.01525553
0.949454248,5.051160864,109.8823529,114.763527,576.9638107,-0.124289292,34.8809,101.5355,3613,7.286949251,44.97404691,4.28419213,1.19783187,0.394773901,0.568698297,0.468085106,0.176389842,0.22512011,0.002059025,0.490338164,0.466183575,0.024154589
0.944694329,4.957690924,98.76923077,98.27461556,576.9638107,-0.124289292,34.8809,101.5355,3613,7.286949251,44.97404691,4.28419213,1.19783187,0.394773901,0.568698297,0.42016129,0.190322581,0.304032258,0.000806452,0.479750779,0.46105919,0.018691589
0.945970176,4.999713971,128.3636364,118.9947679,576.9638107,-0.124289292,34.8809,101.5355,3613,7.286949251,44.97404691,4.28419213,1.19783187,0.394773901,0.568698297,0.435108777,0.185296324,0.288072018,0.000750188,0.478835979,0.473544974,0.005291005
0.961923687,5.426644145,110.5555556,114.0232259,576.9638107,-0.124289292,34.8809,101.5355,3613,7.286949251,44.97404691,4.28419213,1.19783187,0.394773901,0.568698297,0.569343066,0.153284672,0.109489051,0.00243309,0.455813953,0.439534884,0.01627907
0.959173556,5.287298392,112.8333333,110.6623375,576.9638107,-0.124289292,34.8809,101.5355,3613,7.286949251,44.97404691,4.28419213,1.19783187,0.394773901,0.568698297,0.544715447,0.146341463,0.094076655,0.0029036,0.448540707,0.425499232,0.023041475
0.962916845,5.404115383,108.5714286,109.3683088,576.9638107,-0.124289292,34.8809,101.5355,3613,7.286949251,44.97404691,4.28419213,1.19783187,0.394773901,0.568698297,0.475201845,0.196655133,0.100922722,0.002306805,0.404301075,0.383870968,0.020430108
0.979220627,6.134967012,131.6,131.8144221,576.9638107,-0.124289292,34.8809,101.5355,3613,7.286949251,44.97404691,4.28419213,1.19783187,0.394773901,0.568698297,0.492481203,0.190923738,0.110633727,0.119495166,0.330882353,0.322478992,0.008403361
0.980015244,6.076709364,124.75,127.1642053,576.9638107,-0.124289292,34.8809,101.5355,3613,7.286949251,44.97404691,4.28419213,1.19783187,0.394773901,0.568698297,0.388541949,0.207982623,0.150420853,0.093402118,0.2912,0.2752,0.016
0.980620775,6.138887241,128.0909091,129.711677,576.9638107,-0.124289292,34.8809,101.5355,3613,7.286949251,44.97404691,4.28419213,1.19783187,0.394773901,0.568698297,0.354190586,0.248277842,0.22761194,0.041331803,0.302587923,0.287989383,0.01459854
0.980534299,6.132793709,120.1,121.1363659,576.9638107,-0.124289292,34.8809,101.5355,3613,7.286949251,44.97404691,4.28419213,1.19783187,0.394773901,0.568698297,0.262366938,0.344708829,0.201001879,0.037883532,0.286292655,0.274146906,0.012145749
0.981370479,6.248485076,135,131.0941102,543.2949819,-1.548934782,34.4083,100.3583,3931,7.112516012,57.57540462,4.948800049,1.139237797,0.358647823,0.542195448,0.367047787,0.249780123,0.222515391,0.054822633,0.358078603,0.34643377,0.011644833
0.980962963,6.149841878,123.9090909,125.1948928,543.2949819,-1.548934782,34.4083,100.3583,3931,7.112516012,57.57540462,4.948800049,1.139237797,0.358647823,0.542195448,0.344157727,0.283560452,0.17309365,0.069005509,0.371681416,0.367597005,0.004084411
0.980653484,6.096903848,125,125.0280088,543.2949819,-1.548934782,34.4083,100.3583,3931,7.112516012,57.57540462,4.948800049,1.139237797,0.358647823,0.542195448,0.384550562,0.231460674,0.18988764,0.085393258,0.317228226,0.310870947,0.006357279
0.979965083,6.074241813,129,128.7896549,543.2949819,-1.548934782,34.4083,100.3583,3931,7.112516012,57.57540462,4.948800049,1.139237797,0.358647823,0.542195448,0.502281879,0.151946309,0.146308725,0.107651007,0.355525965,0.347536618,0.007989348
0.976315261,5.957311512,121.625,121.8414236,543.2949819,-1.548934782,34.4083,100.3583,3931,7.112516012,57.57540462,4.948800049,1.139237797,0.358647823,0.542195448,0.589567966,0.15516333,0.099315068,0.063487882,0.278039585,0.259189444,0.018850141
0.974888837,5.953269944,118.875,119.6695638,543.2949819,-1.548934782,34.4083,100.3583,3931,7.112516012,57.57540462,4.948800049,1.139237797,0.358647823,0.542195448,0.541409465,0.228395062,0.097993827,0.048868313,0.380855397,0.366598778,0.014256619
0.978930124,6.054931531,122.1428571,121.5508221,560.5509749,-0.383692995,34.6167,100.8833,3602,7.283996772,69.19043276,4.649599857,1.128339295,0.447682619,0.56641909,0.462927497,0.247606019,0.125307798,0.062106703,0.327501749,0.314905528,0.012596221
0.981559611,6.194815366,124,125.0723529,560.5509749,-0.383692995,34.6167,100.8833,3602,7.283996772,69.19043276,4.649599857,1.128339295,0.447682619,0.56641909,0.368773667,0.259539761,0.140401981,0.106029712,0.298008535,0.290184922,0.007823613
0.978311556,6.1032815,136.25,135.0986267,560.5509749,-0.383692995,34.6167,100.8833,3602,7.283996772,69.19043276,4.649599857,1.128339295,0.447682619,0.56641909,0.507402032,0.215674891,0.130914369,0.065602322,0.339075959,0.321848081,0.017227878
0.982827617,6.265354533,133,130.9599341,560.5509749,-0.383692995,34.6167,100.8833,3602,7.283996772,69.19043276,4.649599857,1.128339295,0.447682619,0.56641909,0.308573106,0.339694656,0.189078097,0.038755138,0.374067699,0.363166954,0.010900746
0.980432269,6.165156987,127.3333333,128.9031499,560.5509749,-0.383692995,34.6167,100.8833,3602,7.283996772,69.19043276,4.649599857,1.128339295,0.447682619,0.56641909,0.385810613,0.237467018,0.150395778,0.111697449,0.314857583,0.309468822,0.005388761
0.9774917,6.07501358,136.3333333,134.8869211,560.5509749,-0.383692995,34.6167,100.8833,3602,7.283996772,69.19043276,4.649599857,1.128339295,0.447682619,0.56641909,0.420104439,0.210182768,0.134725849,0.145430809,0.32323997,0.320211961,0.003028009
0.98076293,6.186661017,126.4285714,127.4595795,560.5509749,-0.383692995,34.6167,100.8833,3602,7.283996772,69.19043276,4.649599857,1.128339295,0.447682619,0.56641909,0.319667078,0.183415536,0.288532676,0.056103576,0.30752374,0.293644996,0.013878744
0.980588778,6.197084842,130.5,124.5145727,560.5509749,-0.383692995,34.6167,100.8833,3602,7.283996772,69.19043276,4.649599857,1.128339295,0.447682619,0.56641909,0.393972603,0.233150685,0.210684932,0.059178082,0.407488987,0.400146843,0.007342144
0.979203721,6.099168614,127.6,125.9579475,560.5509749,-0.383692995,34.6167,100.8833,3602,7.283996772,69.19043276,4.649599857,1.128339295,0.447682619,0.56641909,0.374394287,0.158377965,0.246110686,0.112726345,0.370762712,0.358050847,0.012711864
0.977259198,5.974047768,117.9090909,119.1896427,560.5509749,-0.383692995,34.6167,100.8833,3602,7.283996772,69.19043276,4.649599857,1.128339295,0.447682619,0.56641909,0.318123558,0.196359908,0.230966419,0.064855165,0.403106009,0.383524646,0.019581364
0.978826382,6.090732386,120.75,121.5872176,560.5509749,-0.383692995,34.6167,100.8833,3602,7.283996772,69.19043276,4.649599857,1.128339295,0.447682619,0.56641909,0.336948102,0.202943455,0.264652724,0.057319907,0.407912688,0.394952251,0.012960437
0.982055995,6.344705206,136.25,136.6564685,560.5509749,-0.383692995,34.6167,100.8833,3602,7.283996772,69.19043276,4.649599857,1.128339295,0.447682619,0.56641909,0.380575117,0.283744131,0.161091549,0.032276995,0.437677054,0.436260623,0.001416431
0.982849641,6.403277156,138.1428571,138.0959627,560.5509749,-0.383692995,34.6167,100.8833,3602,7.283996772,69.19043276,4.649599857,1.128339295,0.447682619,0.56641909,0.335229068,0.308688784,0.180410742,0.047077409,0.431891543,0.427372498,0.004519045
0.979805898,6.276096009,144.8571429,142.6002508,560.5509749,-0.383692995,34.6167,100.8833,3602,7.283996772,69.19043276,4.649599857,1.128339295,0.447682619,0.56641909,0.346088914,0.280810355,0.166010129,0.066122679,0.437268003,0.434298441,0.002969562
0.980253131,6.344610878,144.2,141.5447775,560.5509749,-0.383692995,34.6167,100.8833,3602,7.283996772,69.19043276,4.649599857,1.128339295,0.447682619,0.56641909,0.286616162,0.365530303,0.194128788,0.023674242,0.44741533,0.44325609,0.004159239
0.981043245,6.242769587,136,131.2971564,560.5509749,-0.383692995,34.6167,100.8833,3602,7.283996772,69.19043276,4.649599857,1.128339295,0.447682619,0.56641909,0.452744311,0.157965194,0.147255689,0.112717537,0.426545086,0.416413374,0.010131712
0.981610229,6.237089894,121,118.0705241,560.5509749,-0.383692995,34.6167,100.8833,3602,7.283996772,69.19043276,4.649599857,1.128339295,0.447682619,0.56641909,0.198324958,0.285092127,0.327638191,0.034170854,0.385041551,0.378947368,0.006094183
0.976258041,6.014645905,133.5,132.4689804,467.1518079,-0.598347799,37.6167,101.2,3113,7.776477273,42.1752002,3.675600012,1.242655992,0.4215087,0.426815995,0.12755102,0.408503401,0.328231293,0.010884354,0.450642202,0.44733945,0.003302752
0.983530582,6.3801319,139.1428571,138.1648592,467.1518079,-0.598347799,37.6167,101.2,3113,7.776477273,42.1752002,3.675600012,1.242655992,0.4215087,0.426815995,0.361014263,0.271949287,0.211093502,0.035499208,0.440220386,0.435261708,0.004958678
0.969894399,5.837709259,124,124.4725651,467.1518079,-0.598347799,37.6167,101.2,3113,7.776477273,42.1752002,3.675600012,1.242655992,0.4215087,0.426815995,0.421727019,0.219498607,0.073537604,0.168245125,0.380549683,0.354122622,0.026427061
0.978086321,6.024068206,137.1111111,127.4651288,467.1518079,-0.598347799,37.6167,101.2,3113,7.776477273,42.1752002,3.675600012,1.242655992,0.4215087,0.426815995,0.27304715,0.269528501,0.1513019,0.104152006,0.382911392,0.343881857,0.039029536
0.976481128,6.001585445,145.0909091,137.3410467,467.1518079,-0.598347799,37.6167,101.2,3113,7.776477273,42.1752002,3.675600012,1.242655992,0.4215087,0.426815995,0.242268041,0.289948454,0.156572165,0.106314433,0.389891697,0.357400722,0.032490975
0.974980544,6.097214598,132.5,120.4309656,467.1518079,-0.598347799,37.6167,101.2,3113,7.776477273,42.1752002,3.675600012,1.242655992,0.4215087,0.426815995,0.323692308,0.244923077,0.115076923,0.153230769,0.397075366,0.375703037,0.021372328
0.960680232,5.815578041,120.1538462,120.9156838,467.1518079,-0.598347799,37.6167,101.2,3113,7.776477273,42.1752002,3.675600012,1.242655992,0.4215087,0.426815995,0.320643432,0.215549598,0.091152815,0.220911528,0.366336634,0.331683168,0.034653465
0.968963639,5.890589202,116.25,118.2546077,467.1518079,-0.598347799,37.6167,101.2,3113,7.776477273,42.1752002,3.675600012,1.242655992,0.4215087,0.426815995,0.296828247,0.196289647,0.174745661,0.18192699,0.395273899,0.37593985,0.019334049
0.966563789,5.985535303,123,123.2754706,467.1518079,-0.598347799,37.6167,101.2,3113,7.776477273,42.1752002,3.675600012,1.242655992,0.4215087,0.426815995,0.26368452,0.219540906,0.101824603,0.251324308,0.350797267,0.309794989,0.041002278
0.982431588,6.287539642,121.9090909,122.8727275,467.1518079,-0.598347799,37.6167,101.2,3113,7.776477273,42.1752002,3.675600012,1.242655992,0.4215087,0.426815995,0.325670498,0.285440613,0.118135377,0.091315453,0.32244196,0.291487532,0.030954428
0.962019075,5.85329242,130.1,127.5911322,467.1518079,-0.598347799,37.6167,101.2,3113,7.776477273,42.1752002,3.675600012,1.242655992,0.4215087,0.426815995,0.283138918,0.221102863,0.071049841,0.276246023,0.33808554,0.319755601,0.018329939
0.971442715,5.945290132,124.5,122.8679098,467.1518079,-0.598347799,37.6167,101.2,3113,7.776477273,42.1752002,3.675600012,1.242655992,0.4215087,0.426815995,0.399501247,0.22394015,0.073316708,0.173566085,0.378181818,0.357272727,0.020909091
0.977663848,6.053866179,125.6666667,122.6363866,284.7056818,3.007545194,41.2528,111.2239,1700,7.955454545,19.9032127,2.057200006,1.383529545,0.204521745,0.209614024,0.24495114,0.304234528,0.132247557,0.115960912,0.382996633,0.353535354,0.029461279
0.975961135,6.04907324,122.2142857,123.0790296,284.7056818,3.007545194,41.2528,111.2239,1700,7.955454545,19.9032127,2.057200006,1.383529545,0.204521745,0.209614024,0.257683215,0.294326241,0.138297872,0.135933806,0.386589404,0.355960265,0.030629139
0.968635029,5.811170568,117.5714286,119.5955189,284.7056818,3.007545194,41.2528,111.2239,1700,7.955454545,19.9032127,2.057200006,1.383529545,0.204521745,0.209614024,0.271997431,0.472703918,0.172447013,0.009633911,0.412231031,0.398357871,0.01387316
0.968508114,5.633379239,124.1111111,122.7136966,284.7056818,3.007545194,41.2528,111.2239,1700,7.955454545,19.9032127,2.057200006,1.383529545,0.204521745,0.209614024,0.114855571,0.485557084,0.281980743,0.002063274,0.419929787,0.410748042,0.009181745
0.957429971,5.230411678,83.42857143,82.93322832,284.7056818,3.007545194,41.2528,111.2239,1700,7.955454545,19.9032127,2.057200006,1.383529545,0.204521745,0.209614024,0.093400447,0.494407159,0.327181208,0,0.467750981,0.439147504,0.028603477
0.968808748,5.691654179,125,123.7755134,284.7056818,3.007545194,41.2528,111.2239,1700,7.955454545,19.9032127,2.057200006,1.383529545,0.204521745,0.209614024,0.17080854,0.519075954,0.208260413,0.000700035,0.435358759,0.423076923,0.012281836
0.945776572,5.04713937,76.75,75.76453365,284.7056818,3.007545194,41.2528,111.2239,1700,7.955454545,19.9032127,2.057200006,1.383529545,0.204521745,0.209614024,0.111568701,0.723698989,0.114563834,0.000748783,0.459031952,0.451439418,0.007592534
0.968179414,5.742940465,116.5,117.8883296,284.7056818,3.007545194,41.2528,111.2239,1700,7.955454545,19.9032127,2.057200006,1.383529545,0.204521745,0.209614024,0.186666667,0.517264957,0.20957265,0.004444444,0.427693208,0.412763466,0.014929742
0.976378805,6.036716097,133,128.6313119,284.7056818,3.007545194,41.2528,111.2239,1700,7.955454545,19.9032127,2.057200006,1.383529545,0.204521745,0.209614024,0.197826087,0.392857143,0.22173913,0.013664596,0.321816105,0.314391776,0.007424329
0.980267152,6.136609996,124,125.3947397,284.7056818,3.007545194,41.2528,111.2239,1700,7.955454545,19.9032127,2.057200006,1.383529545,0.204521745,0.209614024,0.244286138,0.299792223,0.264766993,0.020777679,0.331889886,0.322919889,0.008969997
0.961173944,5.736049118,124.5714286,126.409482,284.7056818,3.007545194,41.2528,111.2239,1700,7.955454545,19.9032127,2.057200006,1.383529545,0.204521745,0.209614024,0.198428862,0.295315682,0.24119872,0.005237125,0.259676488,0.248989024,0.010687464
0.977076085,6.05082286,118.4285714,118.7985968,284.7056818,3.007545194,41.2528,111.2239,1700,7.955454545,19.9032127,2.057200006,1.383529545,0.204521745,0.209614024,0.210165263,0.343623324,0.246024322,0.004053633,0.30635668,0.296645085,0.009711595
0.977460824,6.032868065,124.1428571,122.8030934,224.4305114,3.435162221,41.7788,111.8949,1439,8.14875,12.71525738,2.203907244,1.408727273,0.189569563,0.155516343,0.195594126,0.486648865,0.155206943,0.007009346,0.369005011,0.355762348,0.013242663
0.976650942,6.040932882,129,129.6783512,224.4305114,3.435162221,41.7788,111.8949,1439,8.14875,12.71525738,2.203907244,1.408727273,0.189569563,0.155516343,0.241978216,0.298204298,0.228436856,0.011775096,0.302408564,0.291703836,0.010704728
0.979330077,6.103166122,131.1111111,131.0089322,224.4305114,3.435162221,41.7788,111.8949,1439,8.14875,12.71525738,2.203907244,1.408727273,0.189569563,0.155516343,0.218083413,0.317414836,0.277936963,0.005412289,0.323776224,0.310839161,0.012937063
0.977557082,6.015884621,126.1111111,125.975564,224.4305114,3.435162221,41.7788,111.8949,1439,8.14875,12.71525738,2.203907244,1.408727273,0.189569563,0.155516343,0.174983585,0.448456993,0.232435982,0.006565988,0.35006605,0.330911493,0.019154557
0.976846955,6.110165716,148,140.7230394,224.4305114,3.435162221,41.7788,111.8949,1439,8.14875,12.71525738,2.203907244,1.408727273,0.189569563,0.155516343,0.182144021,0.376018247,0.2095145,0.008797654,0.299414824,0.289986996,0.009427828
0.972160671,6.153100042,137.6666667,137.4065434,224.4305114,3.435162221,41.7788,111.8949,1439,8.14875,12.71525738,2.203907244,1.408727273,0.189569563,0.155516343,0.223148766,0.275850567,0.250500334,0.173448966,0.207798618,0.203603159,0.004195459
0.971909962,6.104350391,142.8571429,139.0551877,324.6274212,8.397208731,37.8167,107.4917,1409,8.3,7.177004752,1.350399964,1.386659388,0.180969566,0.222656819,0.20419912,0.265154081,0.263460887,0.164239756,0.214175655,0.209553159,0.004622496
0.974374837,6.23462328,135.75,135.566983,324.6274212,8.397208731,37.8167,107.4917,1409,8.3,7.177004752,1.350399964,1.386659388,0.180969566,0.222656819,0.330457863,0.199402787,0.243198407,0.161247512,0.193387562,0.188139596,0.005247966
0.980682044,6.303168035,135.5,134.512057,324.6274212,8.397208731,37.8167,107.4917,1409,8.3,7.177004752,1.350399964,1.386659388,0.180969566,0.222656819,0.252587992,0.296756384,0.283298827,0.072808834,0.214615198,0.20975965,0.004855547
0.940274657,4.595063401,46,47.15492702,324.6274212,8.397208731,37.8167,107.4917,1409,8.3,7.177004752,1.350399964,1.386659388,0.180969566,0.222656819,0.495197439,0.140875133,0.057630736,0.060832444,0.494339623,0.475471698,0.018867925
0.944958109,4.654674317,54,51.34152616,324.6274212,8.397208731,37.8167,107.4917,1409,8.3,7.177004752,1.350399964,1.386659388,0.180969566,0.222656819,0.430212014,0.129858657,0.102473498,0.005300353,0.495049505,0.419141914,0.075907591
0.938537252,4.501523713,59.16666667,59.89497531,324.6274212,8.397208731,37.8167,107.4917,1409,8.3,7.177004752,1.350399964,1.386659388,0.180969566,0.222656819,0.462841016,0.148635936,0.133584196,0.015992474,0.498245614,0.470175439,0.028070175
0.959273335,4.945449005,70,59.6970644,324.6274212,8.397208731,37.8167,107.4917,1409,8.3,7.177004752,1.350399964,1.386659388,0.180969566,0.222656819,0.415816327,0.155612245,0.071428571,0.119047619,0.453658537,0.397560976,0.056097561
0.893276146,4.124507946,49.5,49.27847353,324.6274212,8.397208731,37.8167,107.4917,1409,8.3,7.177004752,1.350399964,1.386659388,0.180969566,0.222656819,0.354740061,0.106269113,0.0382263,0.132262997,0.477941176,0.463235294,0.014705882
0.933332429,4.504166398,50.75,50.20884901,324.6274212,8.397208731,37.8167,107.4917,1409,8.3,7.177004752,1.350399964,1.386659388,0.180969566,0.222656819,0.482283465,0.190944882,0.058070866,0.05511811,0.494699647,0.48409894,0.010600707
0.924204214,4.297042988,49,50.48367411,317.6942149,1.140900892,44.5,117.5,1118,7.756198347,27.27500057,3.625,1.310661157,0.246795654,0.267757452,0.577858881,0.090024331,0.099756691,0.0243309,0.5,0.421052632,0.078947368
0.963238352,5.806800152,134.8,132.9057796,317.6942149,1.140900892,44.5,117.5,1118,7.756198347,27.27500057,3.625,1.310661157,0.246795654,0.267757452,0.679820628,0.064125561,0.147982063,0.02735426,0.38752784,0.356347439,0.031180401
0.953671233,5.506402109,126.9,129.4176765,317.6942149,1.140900892,44.5,117.5,1118,7.756198347,27.27500057,3.625,1.310661157,0.246795654,0.267757452,0.720567376,0.065248227,0.131914894,0.010401891,0.41025641,0.391025641,0.019230769
0.967141839,5.873321309,134.25,131.1328103,317.6942149,1.140900892,44.5,117.5,1118,7.756198347,27.27500057,3.625,1.310661157,0.246795654,0.267757452,0.660529861,0.072294567,0.162101482,0.028289178,0.432773109,0.411764706,0.021008403
0.956908333,5.42491164,114.0588235,114.7210368,401.6127841,6.972436628,43.0333,119.65,474,8.013039773,15.39999986,2.924800072,1.365559659,0.189917386,0.276068828,0.375833333,0.301666667,0.085833333,0.045833333,0.388429752,0.382526564,0.005903188
0.940249964,5.071032242,107.6363636,112.034746,401.6127841,6.972436628,43.0333,119.65,474,8.013039773,15.39999986,2.924800072,1.365559659,0.189917386,0.276068828,0.443596268,0.280746395,0.098388465,0.005089059,0.469808542,0.46539028,0.004418262
0.942633876,5.129541123,106.0588235,108.3986495,401.6127841,6.972436628,43.0333,119.65,474,8.013039773,15.39999986,2.924800072,1.365559659,0.189917386,0.276068828,0.423318386,0.260089686,0.13632287,0.005381166,0.453172205,0.445619335,0.00755287
0.976713835,6.047339725,137.1111111,134.7381222,274.380093,2.54815536,43.8397,116.1658,1068,7.904886364,18.41172826,3.144454368,1.404419912,0.18854782,0.210144465,0.40332065,0.246281563,0.125216188,0.088204773,0.180055402,0.173130194,0.006925208
0.968891407,5.856224897,128.2727273,128.7193309,274.380093,2.54815536,43.8397,116.1658,1068,7.904886364,18.41172826,3.144454368,1.404419912,0.18854782,0.210144465,0.417336011,0.264056225,0.117804552,0.086345382,0.217256363,0.206703911,0.010552452
0.973887328,6.096964469,136.75,133.5290316,274.380093,2.54815536,43.8397,116.1658,1068,7.904886364,18.41172826,3.144454368,1.404419912,0.18854782,0.210144465,0.250915006,0.327368849,0.230988207,0.034160228,0.224431818,0.209821429,0.01461039
0.983451697,6.39158874,139,136.6743895,274.380093,2.54815536,43.8397,116.1658,1068,7.904886364,18.41172826,3.144454368,1.404419912,0.18854782,0.210144465,0.400224215,0.263826607,0.162556054,0.054185351,0.325957906,0.314085267,0.011872639
0.980894611,6.286004233,129.1,129.7390441,274.380093,2.54815536,43.8397,116.1658,1068,7.904886364,18.41172826,3.144454368,1.404419912,0.18854782,0.210144465,0.414205607,0.293457944,0.100560748,0.065046729,0.280044101,0.269018743,0.011025358
0.953608733,5.274253322,113.3636364,111.4404822,425.1807076,6.706019153,36.285,106.3911,1943,8.115225981,30.23696035,3.393440038,1.278920325,0.282526076,0.376714975,0.470517449,0.185318893,0.129362214,0.046931408,0.470588235,0.456821026,0.013767209
0.948670593,5.181663859,119.7142857,120.398173,425.1807076,6.706019153,36.285,106.3911,1943,8.115225981,30.23696035,3.393440038,1.278920325,0.282526076,0.376714975,0.471047495,0.1906311,0.150943396,0.046193884,0.46626506,0.420481928,0.045783133
0.954756461,5.290584242,126.75,127.547444,425.1807076,6.706019153,36.285,106.3911,1943,8.115225981,30.23696035,3.393440038,1.278920325,0.282526076,0.376714975,0.478684531,0.182095006,0.120584653,0.057856273,0.441285538,0.425216316,0.016069221
0.98175077,6.27167633,141.1111111,140.5565529,433.825,6.328305301,38.85,113.3583,1142,7.6678125,24.44320029,1.975199964,1.182474432,0.360721737,0.324118617,0.469440459,0.233285509,0.162123386,0.020373027,0.473764259,0.472243346,0.001520913
0.983690271,6.328857637,129.875,130.5074282,433.825,6.328305301,38.85,113.3583,1142,7.6678125,24.44320029,1.975199964,1.182474432,0.360721737,0.324118617,0.416935248,0.27893349,0.152944623,0.017286844,0.463378176,0.455156951,0.008221226
0.974839187,6.039601154,137.1428571,135.7803284,433.825,6.328305301,38.85,113.3583,1142,7.6678125,24.44320029,1.975199964,1.182474432,0.360721737,0.324118617,0.434573187,0.251271073,0.140219427,0.023815895,0.470876763,0.4690374,0.001839362
0.983029915,6.339244265,131,130.6134555,433.825,6.328305301,38.85,113.3583,1142,7.6678125,24.44320029,1.975199964,1.182474432,0.360721737,0.324118617,0.417099942,0.233679954,0.147602542,0.019064125,0.425925926,0.415123457,0.010802469
0.981514627,6.251597126,136,134.8714893,433.825,6.328305301,38.85,113.3583,1142,7.6678125,24.44320029,1.975199964,1.182474432,0.360721737,0.324118617,0.461047962,0.245910729,0.149431661,0.016911561,0.44754717,0.441509434,0.006037736
