bnti,AI,Altitude,LON,LAT,SOC,N,BD,Ph,NDVI,SAND,
6.034257941,0.155652896,1439,111.9,41.783,12.28700013,2.131000004,1.406818182,8.154545455,0.230591297,52.93057851,D
6.541553062,0.155652896,1439,111.9,41.783,12.28700013,2.131000004,1.406818182,8.154545455,0.230591297,52.93057851,D
6.57796369,0.155652896,1439,111.9,41.783,12.28700013,2.131000004,1.406818182,8.154545455,0.230591297,52.93057851,D
6.564321373,0.155652896,1439,111.9,41.783,12.28700013,2.131000004,1.406818182,8.154545455,0.230591297,52.93057851,D
6.647145313,0.155652896,1439,111.9,41.783,12.28700013,2.131000004,1.406818182,8.154545455,0.230591297,52.93057851,D
6.627722225,0.331401775,1366,116.16,42.01,15.80799973,3.179000018,1.31839876,8.083367769,0.327047825,54.02696281,D
6.002279949,0.331401775,1366,116.16,42.01,15.80799973,3.179000018,1.31839876,8.083367769,0.327047825,54.02696281,D
6.31246384,0.331401775,1366,116.16,42.01,15.80799973,3.179000018,1.31839876,8.083367769,0.327047825,54.02696281,D
6.517241543,0.331401775,1366,116.16,42.01,15.80799973,3.179000018,1.31839876,8.083367769,0.327047825,54.02696281,D
6.48698616,0.385488663,3383,100.5836,37.2939,35.51308777,3.430000041,1.213655682,7.902164773,0.383673906,42.91401705,D
6.293977957,0.385488663,3383,100.5836,37.2939,35.51308777,3.430000041,1.213655682,7.902164773,0.383673906,42.91401705,D
6.202800105,0.385488663,3383,100.5836,37.2939,35.51308777,3.430000041,1.213655682,7.902164773,0.383673906,42.91401705,D
5.505372372,0.385488663,3383,100.5836,37.2939,35.51308777,3.430000041,1.213655682,7.902164773,0.383673906,42.91401705,D
4.982683261,0.385488663,3383,100.5836,37.2939,35.51308777,3.430000041,1.213655682,7.902164773,0.383673906,42.91401705,D
6.48348591,0.385488663,3383,100.5836,37.2939,35.51308777,3.430000041,1.213655682,7.902164773,0.383673906,42.91401705,D
5.040207727,0.126339018,1866,100.715,39.1864,6.099999905,1.613200027,1.416696281,8.241095041,0.119456522,46.15708678,D
4.587334378,0.126339018,1866,100.715,39.1864,6.099999905,1.613200027,1.416696281,8.241095041,0.119456522,46.15708678,D
4.544746955,0.385488663,3383,100.5836,37.2939,35.51308777,3.430000041,1.213655682,7.902164773,0.383673906,42.91401705,D
4.940263449,0.126339018,1866,100.715,39.1864,6.099999905,1.613200027,1.416696281,8.241095041,0.119456522,46.15708678,D
4.976804254,0.126339018,1866,100.715,39.1864,6.099999905,1.613200027,1.416696281,8.241095041,0.119456522,46.15708678,D
4.589114235,0.126339018,1866,100.715,39.1864,6.099999905,1.613200027,1.416696281,8.241095041,0.119456522,46.15708678,D
5.216124567,0.126339018,1866,100.715,39.1864,6.099999905,1.613200027,1.416696281,8.241095041,0.119456522,46.15708678,D
4.136074913,0.126339018,1866,100.715,39.1864,6.099999905,1.613200027,1.416696281,8.241095041,0.119456522,46.15708678,D
5.340638166,0.126339018,1866,100.715,39.1864,6.099999905,1.613200027,1.416696281,8.241095041,0.119456522,46.15708678,D
5.183847082,0.126339018,1866,100.715,39.1864,6.099999905,1.613200027,1.416696281,8.241095041,0.119456522,46.15708678,D
6.435648701,0.126339018,1866,100.715,39.1864,6.099999905,1.613200027,1.416696281,8.241095041,0.119456522,46.15708678,D
4.631352822,0.126339018,1866,100.715,39.1864,6.099999905,1.613200027,1.416696281,8.241095041,0.119456522,46.15708678,D
5.163313893,0.126339018,1866,100.715,39.1864,6.099999905,1.613200027,1.416696281,8.241095041,0.119456522,46.15708678,D
5.481770217,0.385488663,3383,100.5836,37.2939,35.51308777,3.430000041,1.213655682,7.902164773,0.383673906,42.91401705,D
4.510789017,0.126339018,1866,100.715,39.1864,6.099999905,1.613200027,1.416696281,8.241095041,0.119456522,46.15708678,D
5.74314766,0.126339018,1866,100.715,39.1864,6.099999905,1.613200027,1.416696281,8.241095041,0.119456522,46.15708678,D
5.844225316,0.126339018,1866,100.715,39.1864,6.099999905,1.613200027,1.416696281,8.241095041,0.119456522,46.15708678,D
5.75789712,0.126339018,1866,100.715,39.1864,6.099999905,1.613200027,1.416696281,8.241095041,0.119456522,46.15708678,D
5.687604301,0.385488663,3383,100.5836,37.2939,35.51308777,3.430000041,1.213655682,7.902164773,0.383673906,42.91401705,D
6.117032618,0.385488663,3383,100.5836,37.2939,35.51308777,3.430000041,1.213655682,7.902164773,0.383673906,42.91401705,D
6.154920314,0.385488663,3383,100.5836,37.2939,35.51308777,3.430000041,1.213655682,7.902164773,0.383673906,42.91401705,D
6.477250424,0.385488663,3383,100.5836,37.2939,35.51308777,3.430000041,1.213655682,7.902164773,0.383673906,42.91401705,D
6.183355602,0.385488663,3383,100.5836,37.2939,35.51308777,3.430000041,1.213655682,7.902164773,0.383673906,42.91401705,D
6.328291506,0.385488663,3383,100.5836,37.2939,35.51308777,3.430000041,1.213655682,7.902164773,0.383673906,42.91401705,D
6.320325452,0.385488663,3383,100.5836,37.2939,35.51308777,3.430000041,1.213655682,7.902164773,0.383673906,42.91401705,D
6.086297946,0.385488663,3383,100.5836,37.2939,35.51308777,3.430000041,1.213655682,7.902164773,0.383673906,42.91401705,D
5.708933271,0.26492803,1629,106.8333,37.1,16.54320019,2.149599977,1.294729339,8.102231405,0.259452164,37.74016529,D
5.613843716,0.26492803,1629,106.8333,37.1,16.54320019,2.149599977,1.294729339,8.102231405,0.259452164,37.74016529,D
5.311018078,0.26492803,1629,106.8333,37.1,16.54320019,2.149599977,1.294729339,8.102231405,0.259452164,37.74016529,D
5.802957217,0.123361507,1870,100.75,39.2,6.774999976,1.550000012,1.423677686,8.264979339,0.106213041,48.95206612,D
5.941935272,0.123361507,1870,100.75,39.2,6.774999976,1.550000012,1.423677686,8.264979339,0.106213041,48.95206612,D
5.851989427,0.123361507,1870,100.75,39.2,6.774999976,1.550000012,1.423677686,8.264979339,0.106213041,48.95206612,D
5.09139738,0.399268367,2649,101.8833,35.9667,49.057165,3.874598399,1.128647727,7.983114153,0.351904362,29.32352712,D
5.034904556,0.399268367,2649,101.8833,35.9667,49.057165,3.874598399,1.128647727,7.983114153,0.351904362,29.32352712,D
5.623590954,0.399268367,2649,101.8833,35.9667,49.057165,3.874598399,1.128647727,7.983114153,0.351904362,29.32352712,D
4.710035824,0.437136272,2979,102.7833,37.1833,54.53541177,4.276198496,1.102936583,7.920340909,0.385317385,34.5787061,D
4.36289943,0.437136272,2979,102.7833,37.1833,54.53541177,4.276198496,1.102936583,7.920340909,0.385317385,34.5787061,D
4.036011839,0.437136272,2979,102.7833,37.1833,54.53541177,4.276198496,1.102936583,7.920340909,0.385317385,34.5787061,D
3.889501938,1.087108396,497,106.8333,31.32,36.01487996,3.550399952,1.28011157,6.091466942,0.578147829,28.9041374,W
6.203750746,1.087108396,497,106.8333,31.32,36.01487996,3.550399952,1.28011157,6.091466942,0.578147829,28.9041374,W
6.30777964,1.087108396,497,106.8333,31.32,36.01487996,3.550399952,1.28011157,6.091466942,0.578147829,28.9041374,W
6.083577282,1.087108396,497,106.8333,31.32,36.01487996,3.550399952,1.28011157,6.091466942,0.578147829,28.9041374,W
6.340004091,0.155517194,1439,111.895,41.7789,12.70583979,2.202880045,1.408681818,8.148863636,0.252330422,53.10819861,D
6.130026538,0.155517194,1439,111.895,41.7789,12.70583979,2.202880045,1.408681818,8.148863636,0.252330422,53.10819861,D
6.084240034,0.155517194,1439,111.895,41.7789,12.70583979,2.202880045,1.408681818,8.148863636,0.252330422,53.10819861,D
5.972823814,0.155517194,1439,111.895,41.7789,12.70583979,2.202880045,1.408681818,8.148863636,0.252330422,53.10819861,D
6.073642669,0.155517194,1439,111.895,41.7789,12.70583979,2.202880045,1.408681818,8.148863636,0.252330422,53.10819861,D
6.010587745,0.155517194,1439,111.895,41.7789,12.70583979,2.202880045,1.408681818,8.148863636,0.252330422,53.10819861,D
5.909740053,0.155517194,1439,111.895,41.7789,12.70583979,2.202880045,1.408681818,8.148863636,0.252330422,53.10819861,D
5.487192866,0.155517194,1439,111.895,41.7789,12.70583979,2.202880045,1.408681818,8.148863636,0.252330422,53.10819861,D
6.139327569,0.155517194,1439,111.895,41.7789,12.70583979,2.202880045,1.408681818,8.148863636,0.252330422,53.10819861,D
6.366327665,0.071069784,1888,97.930497,39.838783,8.609131531,1.402457794,1.400747965,8.051382955,0.069991305,41.58232714,D
5.907802786,0.085735941,2172,97.788113,39.762238,13.3669091,1.992875271,1.346354921,8.061634091,0.099182606,43.96418626,D
6.273521656,0.169332324,3173,97.702177,39.605533,21.26698428,1.91639598,1.176346247,7.60121646,0.185247824,44.58728042,D
6.339744915,0.196189135,3565,97.68075,39.476482,28.13822031,2.622689054,1.192243496,7.577170455,0.166356519,42.06138918,D
5.795582025,0.271452008,4229,97.651752,39.363582,36.53618138,3.247419537,1.216007779,7.418093182,0.139443472,40.30407907,D
6.031554089,0.198826025,3403,97.880003,39.309462,19.90534288,2.252869297,1.159267803,7.680071807,0.140986949,42.60499183,D
5.729067965,0.243705832,3420,98.176408,39.11318,27.20024114,2.491840008,1.17426577,7.476291698,0.182004347,41.06764096,D
5.606027746,0.35045681,3351,99.578432,38.433893,63.03528967,3.969347947,1.14163614,7.603257237,0.35339129,42.39645863,D
6.078870707,0.354809082,3245,99.72065,38.361722,46.31627086,3.700000048,1.094747001,7.694210142,0.301517397,42.21484929,D
5.162600593,0.357192021,3141,99.851733,38.289237,35.34408437,3.329513396,1.108211202,7.716690311,0.28048262,41.4187122,D
4.739105031,0.355389786,3088,99.995093,38.232072,56.41670407,3.81157332,1.116842727,7.511971144,0.287130445,42.31704937,D
5.067735378,0.334656265,2837,100.104153,38.222858,37.60803954,3.248428059,1.115623592,7.631215771,0.254243493,37.67143699,D
4.988534216,0.361812754,3044,100.365418,38.082083,50.64554648,3.665003998,1.141508716,7.627152974,0.328973919,43.33194725,D
4.846707723,0.725644767,3593,101.8833,33.65,71.74239999,4.349600143,1.146,6.904465393,0.485052168,29.00959194,W
5.034110156,0.725644767,3593,101.8833,33.65,71.74239999,4.349600143,1.146,6.904465393,0.485052168,29.00959194,W
4.226451782,0.725644767,3593,101.8833,33.65,71.74239999,4.349600143,1.146,6.904465393,0.485052168,29.00959194,W
4.12387227,0.725644767,3593,101.8833,33.65,71.74239999,4.349600143,1.146,6.904465393,0.485052168,29.00959194,W
4.454177261,0.725644767,3593,101.8833,33.65,71.74239999,4.349600143,1.146,6.904465393,0.485052168,29.00959194,W
4.204561133,0.725644767,3593,101.8833,33.65,71.74239999,4.349600143,1.146,6.904465393,0.485052168,29.00959194,W
6.11515379,0.725644767,3593,101.8833,33.65,71.74239999,4.349600143,1.146,6.904465393,0.485052168,29.00959194,W
5.958887373,0.725644767,3593,101.8833,33.65,71.74239999,4.349600143,1.146,6.904465393,0.485052168,29.00959194,W
6.14252342,0.725644767,3593,101.8833,33.65,71.74239999,4.349600143,1.146,6.904465393,0.485052168,29.00959194,W
4.625300905,0.725644767,3593,101.8833,33.65,71.74239999,4.349600143,1.146,6.904465393,0.485052168,29.00959194,W
4.782111973,0.725644767,3593,101.8833,33.65,71.74239999,4.349600143,1.146,6.904465393,0.485052168,29.00959194,W
4.203607186,0.725644767,3593,101.8833,33.65,71.74239999,4.349600143,1.146,6.904465393,0.485052168,29.00959194,W
3.99689141,0.725644767,3593,101.8833,33.65,71.74239999,4.349600143,1.146,6.904465393,0.485052168,29.00959194,W
3.677360797,0.725644767,3593,101.8833,33.65,71.74239999,4.349600143,1.146,6.904465393,0.485052168,29.00959194,W
4.774196411,0.725644767,3593,101.8833,33.65,71.74239999,4.349600143,1.146,6.904465393,0.485052168,29.00959194,W
4.841159182,0.725644767,3593,101.8833,33.65,71.74239999,4.349600143,1.146,6.904465393,0.485052168,29.00959194,W
4.405454514,1.126388432,4376,101.875,29.83,94.23500214,7.900000095,1.074375,5.353125,0.086347826,38.784375,W
5.216163648,1.126388432,4376,101.875,29.83,94.23500214,7.900000095,1.074375,5.353125,0.086347826,38.784375,W
4.915885802,1.126388432,4376,101.875,29.83,94.23500214,7.900000095,1.074375,5.353125,0.086347826,38.784375,W
4.851424983,1.126388432,4376,101.875,29.83,94.23500214,7.900000095,1.074375,5.353125,0.086347826,38.784375,W
3.876615464,1.126388432,4376,101.875,29.83,94.23500214,7.900000095,1.074375,5.353125,0.086347826,38.784375,W
4.159362148,1.126388432,4376,101.875,29.83,94.23500214,7.900000095,1.074375,5.353125,0.086347826,38.784375,W
3.877236802,1.126388432,4376,101.875,29.83,94.23500214,7.900000095,1.074375,5.353125,0.086347826,38.784375,W
4.499346962,1.126388432,4376,101.875,29.83,94.23500214,7.900000095,1.074375,5.353125,0.086347826,38.784375,W
3.877923383,1.126388432,4376,101.875,29.83,94.23500214,7.900000095,1.074375,5.353125,0.086347826,38.784375,W
3.292138628,1.126388432,4376,101.875,29.83,94.23500214,7.900000095,1.074375,5.353125,0.086347826,38.784375,W
3.354235646,1.126388432,4376,101.875,29.83,94.23500214,7.900000095,1.074375,5.353125,0.086347826,38.784375,W
4.52087478,1.126388432,4376,101.875,29.83,94.23500214,7.900000095,1.074375,5.353125,0.086347826,38.784375,W
4.444443497,1.126388432,4376,101.875,29.83,94.23500214,7.900000095,1.074375,5.353125,0.086347826,38.784375,W
3.772570774,1.126388432,4376,101.875,29.83,94.23500214,7.900000095,1.074375,5.353125,0.086347826,38.784375,W
3.568495348,1.126388432,4376,101.875,29.83,94.23500214,7.900000095,1.074375,5.353125,0.086347826,38.784375,W
3.664435566,1.126388432,4376,101.875,29.83,94.23500214,7.900000095,1.074375,5.353125,0.086347826,38.784375,W
3.638848278,1.126388432,4376,101.875,29.83,94.23500214,7.900000095,1.074375,5.353125,0.086347826,38.784375,W
3.990833468,1.126388432,4376,101.875,29.83,94.23500214,7.900000095,1.074375,5.353125,0.086347826,38.784375,W
3.140402827,1.126388432,4376,101.875,29.83,94.23500214,7.900000095,1.074375,5.353125,0.086347826,38.784375,W
4.352233172,1.126388432,4376,101.875,29.83,94.23500214,7.900000095,1.074375,5.353125,0.086347826,38.784375,W
4.074121693,1.126388432,4376,101.875,29.83,94.23500214,7.900000095,1.074375,5.353125,0.086347826,38.784375,W
6.026920058,1.126388432,4376,101.875,29.83,94.23500214,7.900000095,1.074375,5.353125,0.086347826,38.784375,W
6.213763785,1.126388432,4376,101.875,29.83,94.23500214,7.900000095,1.074375,5.353125,0.086347826,38.784375,W
5.374286173,1.126388432,4376,101.875,29.83,94.23500214,7.900000095,1.074375,5.353125,0.086347826,38.784375,W
6.08426398,0.218000786,1584,107.2167,37.7,7.974000023,1.550000012,1.358417355,8.263636364,0.229399994,51.37268595,D
5.7441325,0.218000786,1584,107.2167,37.7,7.974000023,1.550000012,1.358417355,8.263636364,0.229399994,51.37268595,D
6.037193194,0.218000786,1584,107.2167,37.7,7.974000023,1.550000012,1.358417355,8.263636364,0.229399994,51.37268595,D
6.056073414,0.218000786,1584,107.2167,37.7,7.974000023,1.550000012,1.358417355,8.263636364,0.229399994,51.37268595,D
5.972415394,0.218000786,1584,107.2167,37.7,7.974000023,1.550000012,1.358417355,8.263636364,0.229399994,51.37268595,D
6.024963766,0.622978933,2546,101.2024,28.6828,74.17399577,5.926529714,1.01078595,6.250256198,0.562852144,42.13255372,D
5.866322035,0.622978933,2546,101.2024,28.6828,74.17399577,5.926529714,1.01078595,6.250256198,0.562852144,42.13255372,D
5.843434789,0.622978933,2546,101.2024,28.6828,74.17399577,5.926529714,1.01078595,6.250256198,0.562852144,42.13255372,D
6.053704564,0.622978933,2546,101.2024,28.6828,74.17399577,5.926529714,1.01078595,6.250256198,0.562852144,42.13255372,D
6.033852848,0.622978933,2546,101.2024,28.6828,74.17399577,5.926529714,1.01078595,6.250256198,0.562852144,42.13255372,D
5.930508471,0.622978933,2546,101.2024,28.6828,74.17399577,5.926529714,1.01078595,6.250256198,0.562852144,42.13255372,D
5.988335105,0.622978933,2546,101.2024,28.6828,74.17399577,5.926529714,1.01078595,6.250256198,0.562852144,42.13255372,D
6.2736877,0.622978933,2546,101.2024,28.6828,74.17399577,5.926529714,1.01078595,6.250256198,0.562852144,42.13255372,D
6.161534786,0.622978933,2546,101.2024,28.6828,74.17399577,5.926529714,1.01078595,6.250256198,0.562852144,42.13255372,D
6.157258817,0.622978933,2546,101.2024,28.6828,74.17399577,5.926529714,1.01078595,6.250256198,0.562852144,42.13255372,D
6.297078795,0.1555151,1439,111.8947,41.7786,12.73340138,2.205875242,1.408818182,8.148522727,0.189569563,53.11879778,D
5.924025792,0.1555151,1439,111.8947,41.7786,12.73340138,2.205875242,1.408818182,8.148522727,0.189569563,53.11879778,D
6.07476617,0.1555151,1439,111.8947,41.7786,12.73340138,2.205875242,1.408818182,8.148522727,0.189569563,53.11879778,D
5.769927009,0.1555151,1439,111.8947,41.7786,12.73340138,2.205875242,1.408818182,8.148522727,0.189569563,53.11879778,D
5.982188129,0.368836543,3305,100.715,36.915,30.62200026,2.730000019,1.095716684,8.017962293,0.209204346,42.34474432,D
6.04534169,0.368836543,3305,100.715,36.915,30.62200026,2.730000019,1.095716684,8.017962293,0.209204346,42.34474432,D
6.157545311,0.368836543,3305,100.715,36.915,30.62200026,2.730000019,1.095716684,8.017962293,0.209204346,42.34474432,D
6.23009377,0.368836543,3305,100.715,36.915,30.62200026,2.730000019,1.095716684,8.017962293,0.209204346,42.34474432,D
6.067540938,0.368836543,3305,100.715,36.915,30.62200026,2.730000019,1.095716684,8.017962293,0.209204346,42.34474432,D
6.228381223,0.368836543,3305,100.715,36.915,30.62200026,2.730000019,1.095716684,8.017962293,0.209204346,42.34474432,D
5.472700805,0.368836543,3305,100.715,36.915,30.62200026,2.730000019,1.095716684,8.017962293,0.209204346,42.34474432,D
5.250090429,0.368836543,3305,100.715,36.915,30.62200026,2.730000019,1.095716684,8.017962293,0.209204346,42.34474432,D
5.097774314,0.368836543,3305,100.715,36.915,30.62200026,2.730000019,1.095716684,8.017962293,0.209204346,42.34474432,D
5.759458478,0.354120363,1411,116.99,42.43,32.20299997,4.718999901,1.298507231,7.512086777,0.335608691,55.38744835,D
5.71823468,0.354120363,1411,116.99,42.43,32.20299997,4.718999901,1.298507231,7.512086777,0.335608691,55.38744835,D
5.242772303,0.354120363,1411,116.99,42.43,32.20299997,4.718999901,1.298507231,7.512086777,0.335608691,55.38744835,D
5.546470834,0.213478643,1036,116.35,44.225,25.4000001,3.400000095,1.337693698,7.867045455,0.235004351,61.69052169,D
5.600410904,0.213478643,1036,116.35,44.225,25.4000001,3.400000095,1.337693698,7.867045455,0.235004351,61.69052169,D
5.614024685,0.213478643,1036,116.35,44.225,25.4000001,3.400000095,1.337693698,7.867045455,0.235004351,61.69052169,D
5.536769007,0.213478643,1036,116.35,44.225,25.4000001,3.400000095,1.337693698,7.867045455,0.235004351,61.69052169,D
5.454293355,0.213478643,1036,116.35,44.225,25.4000001,3.400000095,1.337693698,7.867045455,0.235004351,61.69052169,D
5.154116014,0.213478643,1036,116.35,44.225,25.4000001,3.400000095,1.337693698,7.867045455,0.235004351,61.69052169,D
5.089206853,0.213478643,1036,116.35,44.225,25.4000001,3.400000095,1.337693698,7.867045455,0.235004351,61.69052169,D
5.108750053,0.213478643,1036,116.35,44.225,25.4000001,3.400000095,1.337693698,7.867045455,0.235004351,61.69052169,D
5.116329815,0.022568487,3206,80.5856,36.1339,22.24404453,3.187049629,1.254540909,7.906886364,0.263352185,38.78117045,D
5.920652552,0.022568487,3206,80.5856,36.1339,22.24404453,3.187049629,1.254540909,7.906886364,0.263352185,38.78117045,D
6.20766437,0.022568487,3206,80.5856,36.1339,22.24404453,3.187049629,1.254540909,7.906886364,0.263352185,38.78117045,D
5.957463927,0.022568487,3206,80.5856,36.1339,22.24404453,3.187049629,1.254540909,7.906886364,0.263352185,38.78117045,D
6.276165276,0.21676605,1109,116.3922,44.155,25.81851988,3.289999962,1.360777118,7.853409091,0.235913038,60.89015754,D
5.718554493,0.21676605,1109,116.3922,44.155,25.81851988,3.289999962,1.360777118,7.853409091,0.235913038,60.89015754,D
5.251671951,0.21676605,1109,116.3922,44.155,25.81851988,3.289999962,1.360777118,7.853409091,0.235913038,60.89015754,D
3.134392506,0.21676605,1109,116.3922,44.155,25.81851988,3.289999962,1.360777118,7.853409091,0.235913038,60.89015754,D
3.055373304,0.21676605,1109,116.3922,44.155,25.81851988,3.289999962,1.360777118,7.853409091,0.235913038,60.89015754,D
2.935018814,0.21676605,1109,116.3922,44.155,25.81851988,3.289999962,1.360777118,7.853409091,0.235913038,60.89015754,D
5.689815163,0.374779712,131,124.8989,46.1698,16.72688894,4.69336322,1.292059866,8.04086751,0.337508708,43.32788765,D
5.983522294,0.374779712,131,124.8989,46.1698,16.72688894,4.69336322,1.292059866,8.04086751,0.337508708,43.32788765,D
5.669883917,0.374779712,131,124.8989,46.1698,16.72688894,4.69336322,1.292059866,8.04086751,0.337508708,43.32788765,D
5.529081876,0.68740043,3450,102.87,33.62,77.10899696,5.401000094,1.161322314,6.787396694,0.491113037,34.83181818,W
5.874456522,0.68740043,3450,102.87,33.62,77.10899696,5.401000094,1.161322314,6.787396694,0.491113037,34.83181818,W
5.660878626,0.68740043,3450,102.87,33.62,77.10899696,5.401000094,1.161322314,6.787396694,0.491113037,34.83181818,W
6.087624296,0.68740043,3450,102.87,33.62,77.10899696,5.401000094,1.161322314,6.787396694,0.491113037,34.83181818,W
6.154669487,0.68740043,3450,102.87,33.62,77.10899696,5.401000094,1.161322314,6.787396694,0.491113037,34.83181818,W
5.989009666,0.68740043,3450,102.87,33.62,77.10899696,5.401000094,1.161322314,6.787396694,0.491113037,34.83181818,W
6.150749032,0.68740043,3450,102.87,33.62,77.10899696,5.401000094,1.161322314,6.787396694,0.491113037,34.83181818,W
5.624317937,0.68740043,3450,102.87,33.62,77.10899696,5.401000094,1.161322314,6.787396694,0.491113037,34.83181818,W
5.51246199,0.68740043,3450,102.87,33.62,77.10899696,5.401000094,1.161322314,6.787396694,0.491113037,34.83181818,W
6.044921729,0.68740043,3450,102.87,33.62,77.10899696,5.401000094,1.161322314,6.787396694,0.491113037,34.83181818,W
5.874338168,0.68740043,3450,102.87,33.62,77.10899696,5.401000094,1.161322314,6.787396694,0.491113037,34.83181818,W
6.196958372,0.68740043,3450,102.87,33.62,77.10899696,5.401000094,1.161322314,6.787396694,0.491113037,34.83181818,W
6.061607502,0.68740043,3450,102.87,33.62,77.10899696,5.401000094,1.161322314,6.787396694,0.491113037,34.83181818,W
6.237275485,0.568698297,3613,101.5355,34.8809,44.97404691,4.28419213,1.19783187,7.286949251,0.394773901,31.4399561,D
6.407241202,0.568698297,3613,101.5355,34.8809,44.97404691,4.28419213,1.19783187,7.286949251,0.394773901,31.4399561,D
5.051160864,0.568698297,3613,101.5355,34.8809,44.97404691,4.28419213,1.19783187,7.286949251,0.394773901,31.4399561,D
4.957690924,0.568698297,3613,101.5355,34.8809,44.97404691,4.28419213,1.19783187,7.286949251,0.394773901,31.4399561,D
4.999713971,0.568698297,3613,101.5355,34.8809,44.97404691,4.28419213,1.19783187,7.286949251,0.394773901,31.4399561,D
5.426644145,0.568698297,3613,101.5355,34.8809,44.97404691,4.28419213,1.19783187,7.286949251,0.394773901,31.4399561,D
5.287298392,0.568698297,3613,101.5355,34.8809,44.97404691,4.28419213,1.19783187,7.286949251,0.394773901,31.4399561,D
5.404115383,0.568698297,3613,101.5355,34.8809,44.97404691,4.28419213,1.19783187,7.286949251,0.394773901,31.4399561,D
6.134967012,0.568698297,3613,101.5355,34.8809,44.97404691,4.28419213,1.19783187,7.286949251,0.394773901,31.4399561,D
6.076709364,0.568698297,3613,101.5355,34.8809,44.97404691,4.28419213,1.19783187,7.286949251,0.394773901,31.4399561,D
6.138887241,0.568698297,3613,101.5355,34.8809,44.97404691,4.28419213,1.19783187,7.286949251,0.394773901,31.4399561,D
6.132793709,0.568698297,3613,101.5355,34.8809,44.97404691,4.28419213,1.19783187,7.286949251,0.394773901,31.4399561,D
6.248485076,0.542195448,3931,100.3583,34.4083,57.57540462,4.948800049,1.139237797,7.112516012,0.358647823,37.08421759,D
6.149841878,0.542195448,3931,100.3583,34.4083,57.57540462,4.948800049,1.139237797,7.112516012,0.358647823,37.08421759,D
6.096903848,0.542195448,3931,100.3583,34.4083,57.57540462,4.948800049,1.139237797,7.112516012,0.358647823,37.08421759,D
6.074241813,0.542195448,3931,100.3583,34.4083,57.57540462,4.948800049,1.139237797,7.112516012,0.358647823,37.08421759,D
5.957311512,0.542195448,3931,100.3583,34.4083,57.57540462,4.948800049,1.139237797,7.112516012,0.358647823,37.08421759,D
5.953269944,0.542195448,3931,100.3583,34.4083,57.57540462,4.948800049,1.139237797,7.112516012,0.358647823,37.08421759,D
6.054931531,0.56641909,3602,100.8833,34.6167,69.19043276,4.649599857,1.128339295,7.283996772,0.447682619,35.7904344,D
6.194815366,0.56641909,3602,100.8833,34.6167,69.19043276,4.649599857,1.128339295,7.283996772,0.447682619,35.7904344,D
6.1032815,0.56641909,3602,100.8833,34.6167,69.19043276,4.649599857,1.128339295,7.283996772,0.447682619,35.7904344,D
6.265354533,0.56641909,3602,100.8833,34.6167,69.19043276,4.649599857,1.128339295,7.283996772,0.447682619,35.7904344,D
6.165156987,0.56641909,3602,100.8833,34.6167,69.19043276,4.649599857,1.128339295,7.283996772,0.447682619,35.7904344,D
6.07501358,0.56641909,3602,100.8833,34.6167,69.19043276,4.649599857,1.128339295,7.283996772,0.447682619,35.7904344,D
6.186661017,0.56641909,3602,100.8833,34.6167,69.19043276,4.649599857,1.128339295,7.283996772,0.447682619,35.7904344,D
6.197084842,0.56641909,3602,100.8833,34.6167,69.19043276,4.649599857,1.128339295,7.283996772,0.447682619,35.7904344,D
6.099168614,0.56641909,3602,100.8833,34.6167,69.19043276,4.649599857,1.128339295,7.283996772,0.447682619,35.7904344,D
5.974047768,0.56641909,3602,100.8833,34.6167,69.19043276,4.649599857,1.128339295,7.283996772,0.447682619,35.7904344,D
6.090732386,0.56641909,3602,100.8833,34.6167,69.19043276,4.649599857,1.128339295,7.283996772,0.447682619,35.7904344,D
6.344705206,0.56641909,3602,100.8833,34.6167,69.19043276,4.649599857,1.128339295,7.283996772,0.447682619,35.7904344,D
6.403277156,0.56641909,3602,100.8833,34.6167,69.19043276,4.649599857,1.128339295,7.283996772,0.447682619,35.7904344,D
6.276096009,0.56641909,3602,100.8833,34.6167,69.19043276,4.649599857,1.128339295,7.283996772,0.447682619,35.7904344,D
6.344610878,0.56641909,3602,100.8833,34.6167,69.19043276,4.649599857,1.128339295,7.283996772,0.447682619,35.7904344,D
6.242769587,0.56641909,3602,100.8833,34.6167,69.19043276,4.649599857,1.128339295,7.283996772,0.447682619,35.7904344,D
6.237089894,0.56641909,3602,100.8833,34.6167,69.19043276,4.649599857,1.128339295,7.283996772,0.447682619,35.7904344,D
6.014645905,0.426815995,3113,101.2,37.6167,42.1752002,3.675600012,1.242655992,7.776477273,0.4215087,42.04986054,D
6.3801319,0.426815995,3113,101.2,37.6167,42.1752002,3.675600012,1.242655992,7.776477273,0.4215087,42.04986054,D
5.837709259,0.426815995,3113,101.2,37.6167,42.1752002,3.675600012,1.242655992,7.776477273,0.4215087,42.04986054,D
6.024068206,0.426815995,3113,101.2,37.6167,42.1752002,3.675600012,1.242655992,7.776477273,0.4215087,42.04986054,D
6.001585445,0.426815995,3113,101.2,37.6167,42.1752002,3.675600012,1.242655992,7.776477273,0.4215087,42.04986054,D
6.097214598,0.426815995,3113,101.2,37.6167,42.1752002,3.675600012,1.242655992,7.776477273,0.4215087,42.04986054,D
5.815578041,0.426815995,3113,101.2,37.6167,42.1752002,3.675600012,1.242655992,7.776477273,0.4215087,42.04986054,D
5.890589202,0.426815995,3113,101.2,37.6167,42.1752002,3.675600012,1.242655992,7.776477273,0.4215087,42.04986054,D
5.985535303,0.426815995,3113,101.2,37.6167,42.1752002,3.675600012,1.242655992,7.776477273,0.4215087,42.04986054,D
6.287539642,0.426815995,3113,101.2,37.6167,42.1752002,3.675600012,1.242655992,7.776477273,0.4215087,42.04986054,D
5.85329242,0.426815995,3113,101.2,37.6167,42.1752002,3.675600012,1.242655992,7.776477273,0.4215087,42.04986054,D
5.945290132,0.426815995,3113,101.2,37.6167,42.1752002,3.675600012,1.242655992,7.776477273,0.4215087,42.04986054,D
6.053866179,0.209614024,1700,111.2239,41.2528,19.9032127,2.057200006,1.383529545,7.955454545,0.204521745,52.13481818,D
6.04907324,0.209614024,1700,111.2239,41.2528,19.9032127,2.057200006,1.383529545,7.955454545,0.204521745,52.13481818,D
5.811170568,0.209614024,1700,111.2239,41.2528,19.9032127,2.057200006,1.383529545,7.955454545,0.204521745,52.13481818,D
5.633379239,0.209614024,1700,111.2239,41.2528,19.9032127,2.057200006,1.383529545,7.955454545,0.204521745,52.13481818,D
5.230411678,0.209614024,1700,111.2239,41.2528,19.9032127,2.057200006,1.383529545,7.955454545,0.204521745,52.13481818,D
5.691654179,0.209614024,1700,111.2239,41.2528,19.9032127,2.057200006,1.383529545,7.955454545,0.204521745,52.13481818,D
5.04713937,0.209614024,1700,111.2239,41.2528,19.9032127,2.057200006,1.383529545,7.955454545,0.204521745,52.13481818,D
5.742940465,0.209614024,1700,111.2239,41.2528,19.9032127,2.057200006,1.383529545,7.955454545,0.204521745,52.13481818,D
6.036716097,0.209614024,1700,111.2239,41.2528,19.9032127,2.057200006,1.383529545,7.955454545,0.204521745,52.13481818,D
6.136609996,0.209614024,1700,111.2239,41.2528,19.9032127,2.057200006,1.383529545,7.955454545,0.204521745,52.13481818,D
5.736049118,0.209614024,1700,111.2239,41.2528,19.9032127,2.057200006,1.383529545,7.955454545,0.204521745,52.13481818,D
6.05082286,0.209614024,1700,111.2239,41.2528,19.9032127,2.057200006,1.383529545,7.955454545,0.204521745,52.13481818,D
6.032868065,0.155516343,1439,111.8949,41.7788,12.71525738,2.203907244,1.408727273,8.14875,0.189569563,53.11173295,D
6.040932882,0.155516343,1439,111.8949,41.7788,12.71525738,2.203907244,1.408727273,8.14875,0.189569563,53.11173295,D
6.103166122,0.155516343,1439,111.8949,41.7788,12.71525738,2.203907244,1.408727273,8.14875,0.189569563,53.11173295,D
6.015884621,0.155516343,1439,111.8949,41.7788,12.71525738,2.203907244,1.408727273,8.14875,0.189569563,53.11173295,D
6.110165716,0.155516343,1439,111.8949,41.7788,12.71525738,2.203907244,1.408727273,8.14875,0.189569563,53.11173295,D
6.153100042,0.155516343,1439,111.8949,41.7788,12.71525738,2.203907244,1.408727273,8.14875,0.189569563,53.11173295,D
6.104350391,0.222656819,1409,107.4917,37.8167,7.177004752,1.350399964,1.386659388,8.3,0.180969566,70.66383174,D
6.23462328,0.222656819,1409,107.4917,37.8167,7.177004752,1.350399964,1.386659388,8.3,0.180969566,70.66383174,D
6.303168035,0.222656819,1409,107.4917,37.8167,7.177004752,1.350399964,1.386659388,8.3,0.180969566,70.66383174,D
4.595063401,0.222656819,1409,107.4917,37.8167,7.177004752,1.350399964,1.386659388,8.3,0.180969566,70.66383174,D
4.654674317,0.222656819,1409,107.4917,37.8167,7.177004752,1.350399964,1.386659388,8.3,0.180969566,70.66383174,D
4.501523713,0.222656819,1409,107.4917,37.8167,7.177004752,1.350399964,1.386659388,8.3,0.180969566,70.66383174,D
4.945449005,0.222656819,1409,107.4917,37.8167,7.177004752,1.350399964,1.386659388,8.3,0.180969566,70.66383174,D
4.124507946,0.222656819,1409,107.4917,37.8167,7.177004752,1.350399964,1.386659388,8.3,0.180969566,70.66383174,D
4.504166398,0.222656819,1409,107.4917,37.8167,7.177004752,1.350399964,1.386659388,8.3,0.180969566,70.66383174,D
4.297042988,0.267757452,1118,117.5,44.5,27.27500057,3.625,1.310661157,7.756198347,0.246795654,54.29504132,D
5.806800152,0.267757452,1118,117.5,44.5,27.27500057,3.625,1.310661157,7.756198347,0.246795654,54.29504132,D
5.506402109,0.267757452,1118,117.5,44.5,27.27500057,3.625,1.310661157,7.756198347,0.246795654,54.29504132,D
5.873321309,0.267757452,1118,117.5,44.5,27.27500057,3.625,1.310661157,7.756198347,0.246795654,54.29504132,D
5.42491164,0.276068828,474,119.65,43.0333,15.39999986,2.924800072,1.365559659,8.013039773,0.189917386,48.26011364,D
5.071032242,0.276068828,474,119.65,43.0333,15.39999986,2.924800072,1.365559659,8.013039773,0.189917386,48.26011364,D
5.129541123,0.276068828,474,119.65,43.0333,15.39999986,2.924800072,1.365559659,8.013039773,0.189917386,48.26011364,D
6.047339725,0.210144465,1068,116.1658,43.8397,18.41172826,3.144454368,1.404419912,7.904886364,0.18854782,58.82768621,D
5.856224897,0.210144465,1068,116.1658,43.8397,18.41172826,3.144454368,1.404419912,7.904886364,0.18854782,58.82768621,D
6.096964469,0.210144465,1068,116.1658,43.8397,18.41172826,3.144454368,1.404419912,7.904886364,0.18854782,58.82768621,D
6.39158874,0.210144465,1068,116.1658,43.8397,18.41172826,3.144454368,1.404419912,7.904886364,0.18854782,58.82768621,D
6.286004233,0.210144465,1068,116.1658,43.8397,18.41172826,3.144454368,1.404419912,7.904886364,0.18854782,58.82768621,D
5.274253322,0.376714975,1943,106.3911,36.285,30.23696035,3.393440038,1.278920325,8.115225981,0.282526076,34.17120997,D
5.181663859,0.376714975,1943,106.3911,36.285,30.23696035,3.393440038,1.278920325,8.115225981,0.282526076,34.17120997,D
5.290584242,0.376714975,1943,106.3911,36.285,30.23696035,3.393440038,1.278920325,8.115225981,0.282526076,34.17120997,D
6.27167633,0.324118617,1142,113.3583,38.85,24.44320029,1.975199964,1.182474432,7.6678125,0.360721737,46.59414773,D
6.328857637,0.324118617,1142,113.3583,38.85,24.44320029,1.975199964,1.182474432,7.6678125,0.360721737,46.59414773,D
6.039601154,0.324118617,1142,113.3583,38.85,24.44320029,1.975199964,1.182474432,7.6678125,0.360721737,46.59414773,D
6.339244265,0.324118617,1142,113.3583,38.85,24.44320029,1.975199964,1.182474432,7.6678125,0.360721737,46.59414773,D
6.251597126,0.324118617,1142,113.3583,38.85,24.44320029,1.975199964,1.182474432,7.6678125,0.360721737,46.59414773,D
